barcode,name,source,router_category,protein_g,old_score,old_grade,new_score,new_grade,delta,grade_crossed,cross_direction,old_binding_cap,new_binding_cap,newly_introduced_clip,committed_baseline_score,committed_baseline_grade,drift_vs_committed_baseline
4267230,פריכיות אורז מלא מצופות,ricecakes,cracker,5.9,41.2,D,42.7,D,1.5,False,None,94.8,94.8,False,41.2,D,False
4952792,פריכיות אורז דקות אורגני,ricecakes,cracker,8.0,70.6,B,72.9,B,2.3,False,None,None,None,False,70.6,B,False
5000396021202,קרקר,crackers,cracker,7.8,44.5,D,46.7,D,2.2,False,None,94.8,94.8,False,44.5,D,False
7290011489595,קרקר טופז שומשום,crackers,cracker,8.1,50.4,C,51.0,C,0.6,False,None,60,60,True,50.4,C,False
7290013740083,קרקר דגנים ללת"ס,crackers,cracker,13.0,57.6,C,62.1,C,4.5,False,None,94.8,94.8,False,57.6,C,False
7290013740809,קרקר כוסמין סלק,crackers,cracker,8.1,74.7,B,77.0,B,2.3,False,None,94.8,94.8,False,74.7,B,False
7290013740823,קרקר כוסמין טבעי,crackers,cracker,9.5,76.2,B,79.2,B,3.0,False,None,94.8,94.8,False,76.2,B,False
7290017325422,פריכיות אורז מלא ללת"מ,ricecakes,cracker,8.8,71.3,B,73.8,B,2.5,False,None,None,None,False,71.3,B,False
7290018371275,מיני פריכיות כוסמת,ricecakes,cracker,13.4,75.7,B,80.2,A,4.5,True,B->A,94.8,94.8,False,75.7,B,False
7290018790328,קרקר מרובע מלוח,crackers,cracker,8.0,48.1,D,50.3,C,2.2,True,D->C,60,60,False,48.1,D,False
7290019431794,פריכיות כוסמת עם קינואה,ricecakes,cracker,14.0,78.9,B,83.3,A,4.4,True,B->A,None,None,False,78.9,B,False
7290020179043,פריכיות כוסמת עם טף,ricecakes,cracker,14.0,78.9,B,83.3,A,4.4,True,B->A,None,None,False,78.9,B,False
7290110560300,פריכיות משולש פלפל שחור,ricecakes,cracker,14.6,62.9,C,67.2,B,4.3,True,C->B,72,72,False,62.9,C,False
7290110560317,פריכיות משולשות מלח ים,ricecakes,cracker,14.9,70.0,B,74.2,B,4.2,False,None,94.8,94.8,False,70.0,B,False
7290111564291,פריכיות דק.+קינואה פיטנס,ricecakes,cracker,8.8,65.9,B,68.5,B,2.6,False,None,94.8,94.8,False,65.9,B,False
7290112340122,הפריכיות הטעימות 3 דגנים,ricecakes,cracker,7.5,65.8,B,67.9,B,2.1,False,None,94.8,94.8,False,65.8,B,False
7290112348999,פריכיות טעימות תירס דקות,ricecakes,cracker,7.6,65.3,B,67.5,B,2.2,False,None,94.8,94.8,False,65.3,B,False
7290112963918,קרקר דק רוזמרין פיטנס,crackers,cracker,12.0,70.9,B,75.2,B,4.3,False,None,94.8,94.8,False,70.9,B,False
7290112968807,קרקר דק פיטנס סלק,crackers,cracker,None,45.3,insufficient_data,45.3,insufficient_data,0.0,False,None,94.8,94.8,False,45.3,insufficient_data,False
7290112968821,קרקר דק פיטנס בטטה,crackers,cracker,11.5,69.4,B,73.7,B,4.3,False,None,94.8,94.8,False,69.4,B,False
7290115205176,קרקר דק כפרי פיטנס,crackers,cracker,12.5,69.4,B,73.8,B,4.4,False,None,94.8,94.8,False,69.4,B,False
7290118422129,פריכיות מיני בצל מקורמל,ricecakes,cracker,10.0,43.2,D,46.5,D,3.3,False,None,68.0,68.0,False,43.2,D,False
7290118426516,פיטנס פריכיות דקות תירס,ricecakes,cracker,7.3,64.5,C,66.6,B,2.1,True,C->B,94.8,94.8,False,64.5,C,False
7290118426530,פיטנס פריכיות דקות,ricecakes,cracker,7.3,65.1,B,67.1,B,2.0,False,None,94.8,94.8,False,65.1,B,False
7290119373352,פריכיות משולשות תפוא סלק,ricecakes,cracker,5.5,45.8,D,47.0,D,1.2,False,None,72,72,False,45.8,D,False
7296073079002,פריכיות דקות אורז מלא,ricecakes,cracker,8.3,70.1,B,72.5,B,2.4,False,None,None,None,False,70.1,B,False
7296073079019,פריכיות דקות קצח,ricecakes,cracker,8.4,70.9,B,73.3,B,2.4,False,None,None,None,False,70.9,B,False
7296073106098,פריכיות דקות כוסמת,ricecakes,cracker,9.0,71.8,B,74.4,B,2.6,False,None,None,None,False,71.8,B,False
7296073134442,קרקר פריך עם קמח שיפון,crackers,cracker,10.8,73.3,B,77.2,B,3.9,False,None,94.8,94.8,False,73.3,B,False
7296073134459,קרקר פריך בסגנון שוודי,crackers,cracker,10.7,74.1,B,78.0,B,3.9,False,None,94.8,94.8,False,74.1,B,False
7296073151463,פריכיות דקות דל נתרן,ricecakes,cracker,8.3,70.1,B,72.5,B,2.4,False,None,None,None,False,70.1,B,False
7296073161479,פריכיות דקות תירס,ricecakes,cracker,7.6,65.2,B,67.3,B,2.1,False,None,94.8,94.8,False,65.2,B,False
7296073195252,פריכיות אורז מלא,ricecakes,cracker,8.5,70.7,B,73.1,B,2.4,False,None,None,None,False,70.7,B,False
7296073195269,פריכיות אורז מלא+קינואה,ricecakes,cracker,8.5,70.5,B,73.0,B,2.5,False,None,None,None,False,70.5,B,False
7296073343202,פריכיות כוסמת,ricecakes,cracker,13.4,79.5,B,84.0,A,4.5,True,B->A,None,None,False,79.5,B,False
7296073343219,פריכיות אורז מלא,ricecakes,cracker,8.3,70.1,B,72.5,B,2.4,False,None,None,None,False,70.1,B,False
7296073398875,קרם קרקר,crackers,cracker,9.0,64.3,C,66.9,B,2.6,True,C->B,94.8,94.8,False,64.3,C,False
7296073420323,פריכיות כוסמת אורגנית,ricecakes,cracker,13.4,79.5,B,84.0,A,4.5,True,B->A,None,None,False,79.5,B,False
7296073420330,פריכיות כוסמת ללא מלח,ricecakes,cracker,13.4,79.5,B,84.0,A,4.5,True,B->A,None,None,False,79.5,B,False
7296073441335,פריכיות אורז מלא,ricecakes,cracker,8.3,70.1,B,72.5,B,2.4,False,None,None,None,False,70.1,B,False
7296073450740,חטיפי פריכיות בטעם טבעי,ricecakes,cracker,7.7,59.8,C,61.9,C,2.1,False,None,94.8,94.8,False,59.8,C,False
7296073592440,פריכיות משולשים מלח ים,ricecakes,cracker,14.9,70.0,B,74.2,B,4.2,False,None,94.8,94.8,False,70.0,B,False
7296073659945,קרקר דק רוזמרין,crackers,cracker,14.0,74.2,B,78.6,B,4.4,False,None,94.8,94.8,False,74.2,B,False
7296073659952,קרקר דק כפרי,crackers,cracker,15.0,70.7,B,75.0,B,4.3,False,None,94.8,94.8,False,70.7,B,False
74252,קרקר שומשום אסם,crackers,cracker,11.0,59.3,C,63.4,C,4.1,False,None,94.8,94.8,False,59.3,C,False
74375,קרקר זהב אסם,crackers,cracker,8.0,49.4,D,51.7,C,2.3,True,D->C,94.8,94.8,False,49.4,D,False
8423207208871,פריכיות תירס בטעם טבעי,ricecakes,cracker,7.7,61.4,C,63.5,C,2.1,False,None,94.8,94.8,False,61.4,C,False
8434165658523,קרקר קרם קרקר,crackers,cracker,8.0,68.1,B,70.4,B,2.3,False,None,94.8,94.8,False,68.1,B,False
9322969000015,פריכיות תירס כשל"פ,ricecakes,cracker,10.2,72.0,B,75.5,B,3.5,False,None,None,None,False,72.0,B,False
9322969000022,פריכיות תירס +סויה כשל"פ,ricecakes,cracker,10.8,72.5,B,76.5,B,4.0,False,None,94.8,94.8,False,72.5,B,False
9322969000039,פריכיות תירס+דגנים כשלפ,ricecakes,cracker,10.6,69.8,B,73.6,B,3.8,False,None,94.8,94.8,False,69.8,B,False
9322969000046,פריכיות תירס אורגניות,ricecakes,cracker,10.7,76.5,B,80.4,A,3.9,True,B->A,None,None,False,76.5,B,False
96086000577,קרקר כוסמין אורגני,crackers,cracker,16.0,79.6,B,83.9,A,4.3,True,B->A,94.8,94.8,False,79.6,B,False
96086000966,קרקר כוסמין מלא ושומשום,crackers,cracker,16.0,81.6,A,86.0,A,4.4,False,None,None,None,False,81.6,A,False
