barcode,bsip_maadanim_subtype,sugars_g,flag_off_score,flag_off_grade,flag_on_score,flag_on_grade,delta,ev092_fired,ev092_maadanim_floor_applied,category
518220,dairy_dessert_generic,97.125,28.5,E,25.5,E,-3.0,True,None,snack_bar_granola
7290011015862,dairy_dessert_generic,85.0,37.7,D,31.7,E,-6.0,True,None,default
7290122782431,pudding_dessert,59.0,28.1,E,22.1,E,-6.0,True,None,dessert
68138,pudding_dessert,58.5,33.2,E,27.2,E,-6.0,True,None,dessert
7290104501661,pudding_dessert,58.3,33.2,E,27.2,E,-6.0,True,None,dessert
67742,pudding_dessert,57.7,33.2,E,27.2,E,-6.0,True,None,dessert
7290112966803,pudding_dessert,54.4,38.8,D,32.8,E,-6.0,True,None,dessert
7290112966827,pudding_dessert,53.5,39.4,D,33.4,E,-6.0,True,None,dessert
5014271300429,dairy_dessert_generic,52.0,42.4,D,36.4,D,-6.0,True,None,dessert
5014271360423,dairy_dessert_generic,52.0,35.2,D,32.2,E,-3.0,True,None,dessert
5014271400426,dairy_dessert_generic,52.0,33.4,E,30.4,E,-3.0,True,None,dessert
7290013144232,pudding_dessert,51.3,20.2,E,14.2,E,-6.0,True,None,dessert
7296073219897,pudding_dessert,51.3,20.2,E,14.2,E,-6.0,True,None,dessert
7290106654099,milky_style,38.0,13.1,E,13.1,E,0.0,True,None,dessert
7290106663121,milky_style,38.0,13.1,E,13.1,E,0.0,True,None,dessert
5811227,dairy_dessert_generic,37.3,42.2,D,36.2,D,-6.0,True,None,snack_bar_granola
7290107957991,milky_style,37.0,13.2,E,13.2,E,0.0,True,None,dessert
5431883,dairy_dessert_generic,26.4,10.9,E,10.8,E,-0.1,True,None,dairy_protein
7290112197573,dairy_dessert_generic,25.0,23.3,E,21.7,E,-1.6,True,None,default
7290112197580,dairy_dessert_generic,25.0,27.4,E,25.8,E,-1.6,True,None,default
7290112197597,dairy_dessert_generic,25.0,23.1,E,21.6,E,-1.5,True,None,default
7290019167112,dairy_dessert_generic,24.0,10,E,10,E,0,True,None,default
7290019167136,dairy_dessert_generic,24.0,10,E,10,E,0,True,None,snack_bar_granola
4820077162441,dairy_dessert_generic,23.2,20.6,E,16.6,E,-4.0,True,None,dessert
7290119041350,dairy_dessert_generic,23.2,19.6,E,19.6,E,0.0,True,None,biscuit
5431890,dairy_dessert_generic,23.0,10.8,E,10.8,E,0.0,True,None,snack_bar_granola
5431968,dairy_dessert_generic,20.0,26.0,E,24.0,E,-2.0,True,None,sauce_spread
7290019167129,dairy_dessert_generic,20.0,10,E,10,E,0,True,None,snack_bar_granola
7290115678383,dairy_dessert_generic,20.0,40.5,D,38.5,D,-2.0,True,None,dessert
7290014761414,dairy_dessert_generic,19.4,27.8,E,25.8,E,-2.0,True,None,snack_bar_granola
7290119041251,dairy_dessert_generic,18.3,35.6,insufficient_data,34.6,insufficient_data,-1.0,True,None,default
5431937,dairy_dessert_generic,18.0,20.0,E,19.0,E,-1.0,True,None,dessert
7290110573751,milky_style,18.0,23.2,E,22.8,E,-0.4,True,None,dessert
8410076610379,protein_dessert,17.2,35.0,D,34.6,E,-0.4,True,None,snack_bar_granola
5431913,dairy_dessert_generic,17.0,23.3,E,22.3,E,-1.0,True,None,dairy_protein
68190,dairy_dessert_generic,17.0,21.5,E,20.5,E,-1.0,True,None,default
8410076610386,protein_dessert,16.1,37.0,D,37.0,D,0.0,False,None,cracker
67131,dairy_dessert_generic,16.0,23.8,insufficient_data,22.8,insufficient_data,-1.0,True,None,default
5839313,milky_style,15.9,37.6,D,36.6,D,-1.0,True,None,dessert
7290119386079,milky_style,15.5,23.9,E,22.9,E,-1.0,True,None,dessert
7290110557423,milky_style,15.2,21.1,E,20.7,E,-0.4,True,None,dessert
7290112355812,milky_style,15.1,23.4,E,23.0,E,-0.4,True,None,dessert
7290110557133,dairy_dessert_generic,14.7,36.4,D,35.4,D,-1.0,True,None,dessert
7290115678376,dairy_dessert_generic,14.5,42.8,D,41.8,D,-1.0,True,None,dessert
7290119380558,milky_style,13.6,19.9,E,19.9,E,0.0,False,None,dessert
7290110560836,milky_style,13.4,31.3,E,31.3,E,0.0,False,None,dessert
72941041,milky_style,13.4,35.5,D,35.5,D,0.0,False,None,dessert
7290112344724,milky_style,13.3,29.9,E,29.9,E,0.0,False,None,dessert
72940761,milky_style,13.3,34.9,E,34.9,E,0.0,False,None,dessert
72940952,milky_style,13.1,28.6,E,28.6,E,0.0,False,None,dessert
554402,dairy_dessert_generic,13.0,36.4,D,36.4,D,0.0,False,None,dessert
5431906,dairy_dessert_generic,12.0,28.3,E,28.3,E,0.0,False,None,default
7290014762800,dairy_dessert_generic,12.0,38.7,D,38.7,D,0.0,False,None,dessert
72961544,dairy_dessert_generic,10.5,45.1,D,45.1,D,0.0,False,None,default
554624,dairy_dessert_generic,10.0,36.6,D,36.6,D,0.0,False,None,dessert
7290102396399,dairy_dessert_generic,10.0,31.0,E,31.0,E,0.0,False,None,dessert
7290102396405,dairy_dessert_generic,10.0,24.9,E,24.9,E,0.0,False,None,dessert
7290110329792,dairy_dessert_generic,10.0,35.7,D,35.7,D,0.0,False,None,dessert
7290110329808,dairy_dessert_generic,10.0,35.7,D,35.7,D,0.0,False,None,dessert
4120061,dairy_dessert_generic,9.9,35.3,D,35.3,D,0.0,False,None,dessert
55343,flavored_yogurt_dessert,9.9,34.7,E,34.7,E,0.0,False,None,dairy_protein
7290105368331,milky_style,9.9,33.5,E,33.5,E,0.0,False,None,dessert
7290110326234,flavored_yogurt_dessert,9.9,35.2,D,35.2,D,0.0,False,None,dessert
7290112344755,milky_style,9.9,35.6,D,35.6,D,0.0,False,None,dessert
7290119384426,dairy_dessert_generic,9.9,37.3,D,37.3,D,0.0,False,None,dessert
72940754,milky_style,9.9,34.9,E,34.9,E,0.0,False,None,dessert
72993637,dairy_dessert_generic,9.9,31.3,E,31.3,E,0.0,False,None,snack_bar_granola
55329,dairy_dessert_generic,9.8,26.3,E,26.3,E,0.0,False,None,dairy_protein
7290110321697,flavored_yogurt_dessert,9.8,49.7,D,49.7,D,0.0,False,None,dairy_protein
72961506,dairy_dessert_generic,9.8,40.9,D,40.9,D,0.0,False,None,default
5838002,dairy_dessert_generic,9.7,44.3,D,44.3,D,0.0,False,None,dessert
7290011194215,dairy_dessert_generic,9.7,46.0,D,46.0,D,0.0,False,None,dessert
7290110321703,flavored_yogurt_dessert,9.7,47.9,D,47.9,D,0.0,False,None,dairy_protein
7290110322946,flavored_yogurt_dessert,9.7,38.9,D,38.9,D,0.0,False,None,dessert
7290110324551,flavored_yogurt_dessert,9.7,38.3,D,38.3,D,0.0,False,None,dessert
8693134,dairy_dessert_generic,9.7,47.8,D,47.8,D,0.0,False,None,dessert
55336,dairy_dessert_generic,9.6,28.7,E,28.7,E,0.0,False,None,dairy_protein
7290110321680,flavored_yogurt_dessert,9.6,46.2,D,46.2,D,0.0,False,None,dairy_protein
7290110326210,flavored_yogurt_dessert,9.6,35.4,D,35.4,D,0.0,False,None,dessert
7290112349606,dairy_dessert_generic,9.6,47.8,D,47.8,D,0.0,False,None,dessert
7290112349637,dairy_dessert_generic,9.6,48.1,D,48.1,D,0.0,False,None,default
7290102399802,protein_dessert,9.5,45.2,D,45.2,D,0.0,False,None,dairy_protein
7290102399819,protein_dessert,9.5,42.1,D,42.1,D,0.0,False,None,dairy_protein
7290110571382,dairy_dessert_generic,9.4,38.5,D,38.5,D,0.0,False,None,dessert
2304234,dairy_dessert_generic,9.0,28.7,E,28.7,E,0.0,False,None,default
7290014760134,dairy_dessert_generic,9.0,32.8,E,32.8,E,0.0,False,None,dessert
7290112497123,dairy_dessert_generic,9.0,48.9,D,48.9,D,0.0,False,None,dairy_protein
6664532,dairy_dessert_generic,8.9,46.8,D,46.8,D,0.0,False,None,dessert
6664693,dairy_dessert_generic,8.9,40.1,D,40.1,D,0.0,False,None,dessert
58030,flavored_yogurt_dessert,8.0,27.3,E,27.3,E,0.0,False,None,dessert
5838613,dairy_dessert_generic,7.7,58.7,C,58.7,C,0.0,False,None,dessert
7290114314596,protein_dessert,7.0,62.9,C,62.9,C,0.0,False,None,dairy_protein
4584306,dairy_dessert_generic,6.0,53.5,C,53.5,C,0.0,False,None,default
554532,dairy_dessert_generic,6.0,69.9,B,69.9,B,0.0,False,None,dairy_protein
7290104062599,dairy_dessert_generic,6.0,53.5,C,53.5,C,0.0,False,None,default
7290110561604,dairy_dessert_generic,6.0,49.1,D,49.1,D,0.0,False,None,default
7290112339867,dairy_dessert_generic,6.0,50.4,C,50.4,C,0.0,False,None,default
7290112339874,dairy_dessert_generic,6.0,49.2,D,49.2,D,0.0,False,None,default
7290112347008,dairy_dessert_generic,6.0,48.2,D,48.2,D,0.0,False,None,cereal
7290112355102,dairy_dessert_generic,6.0,49.2,D,49.2,D,0.0,False,None,default
7290119376636,dairy_dessert_generic,5.3,62.8,C,62.8,C,0.0,False,None,default
7290110558703,protein_dessert,5.1,39.3,D,39.7,D,0.4,True,None,dessert
7296073725640,dairy_dessert_generic,5.1,39.8,D,40.8,D,1.0,True,None,sauce_spread
7290119380916,probiotic_dessert,5.0,53.2,C,54.0,C,0.8,True,None,dairy_protein
7290010472307,dairy_dessert_generic,4.9,45.6,D,46.0,D,0.4,True,None,default
7290107950206,dairy_dessert_generic,4.7,34.9,E,35.3,D,0.4,True,None,dessert
7290020398017,protein_dessert,4.6,56.0,C,57.0,C,1.0,True,None,dairy_protein
7290020398031,protein_dessert,4.6,53.0,C,54.0,C,1.0,True,None,dairy_protein
7290107958035,dairy_dessert_generic,4.6,70.8,B,71.8,B,1.0,True,None,default
7290110323592,flavored_yogurt_dessert,4.2,48.9,D,49.7,D,0.8,True,None,dairy_protein
7290119375356,dairy_dessert_generic,4.2,60.4,C,60.8,C,0.4,True,None,dessert
7290019401544,protein_dessert,3.9,43.0,D,44.0,D,1.0,True,None,snack_bar_granola
7290019401018,protein_dessert,3.7,40.0,D,41.0,D,1.0,True,None,snack_bar_granola
7290019401049,protein_dessert,3.6,40.0,D,41.0,D,1.0,True,None,snack_bar_granola
7290110573577,dairy_dessert_generic,3.6,48.6,D,50.0,C,1.4,True,None,dairy_protein
2385455,dairy_dessert_generic,3.5,55.0,C,56.0,C,1.0,True,None,dairy_protein
7290017065236,dairy_dessert_generic,3.5,54.5,C,55.5,C,1.0,True,None,dairy_protein
7290107950190,dairy_dessert_generic,3.5,43.8,D,44.8,D,1.0,True,None,dessert
7290020398000,protein_dessert,3.4,53.0,C,54.0,C,1.0,True,None,dairy_protein
7290020398024,protein_dessert,3.4,53.0,C,54.0,C,1.0,True,None,dairy_protein
7290110323585,flavored_yogurt_dessert,3.4,41.9,D,42.7,D,0.8,True,None,dairy_protein
7290110573737,dairy_dessert_generic,3.4,50.0,C,51.4,C,1.4,True,None,dairy_protein
7290110558314,reduced_sugar_dessert,3.2,55.1,C,56.5,C,1.4,True,None,dairy_protein
7290110328764,dairy_dessert_generic,3.1,52.2,C,53.6,C,1.4,True,None,dairy_protein
7290014455467,dairy_dessert_generic,3.0,53.1,C,54.1,C,1.0,True,None,dessert
7290017065663,dairy_dessert_generic,3.0,55.0,C,56.0,C,1.0,True,None,dairy_protein
7290110328627,dairy_dessert_generic,2.9,50.6,C,52.0,C,1.4,True,None,dairy_protein
7290114312950,protein_dessert,2.9,45.1,D,45.1,D,0.0,False,None,beverage
7290114313285,protein_dessert,2.9,43.2,D,43.2,D,0.0,False,None,beverage
7290110329815,dairy_dessert_generic,2.8,43.4,D,43.8,D,0.4,True,None,dessert
7290114313278,protein_dessert,2.8,42.9,D,42.9,D,0.0,False,None,beverage
4135225,dairy_dessert_generic,2.5,30.3,E,31.3,E,1.0,True,None,dessert
2304241,dairy_dessert_generic,2.0,26.7,E,27.1,E,0.4,True,None,default
6492616,dairy_dessert_generic,2.0,66.2,B,67.2,B,1.0,True,None,dairy_protein
7290011499129,dairy_dessert_generic,2.0,68.0,B,69.0,B,1.0,True,None,dairy_protein
7290011499327,dairy_dessert_generic,2.0,66.2,B,67.2,B,1.0,True,None,dairy_protein
7296073143437,dairy_dessert_generic,2.0,59.0,C,60.0,C,1.0,True,None,default
7290010328819,dairy_dessert_generic,0.6,48.0,D,48.0,D,0.0,False,None,whole_food_fat
1471272,probiotic_dessert,None,50,insufficient_data,50,insufficient_data,0,False,None,dessert
209517,dairy_dessert_generic,None,32.8,E,32.8,E,0.0,False,None,default
209524,dairy_dessert_generic,None,30.4,E,30.4,E,0.0,False,None,default
2304203,dairy_dessert_generic,None,17.6,E,17.6,E,0.0,False,None,default
2304210,dairy_dessert_generic,None,22.8,E,22.8,E,0.0,False,None,default
2859048,dairy_dessert_generic,None,50,insufficient_data,50,insufficient_data,0,False,None,default
3441082,probiotic_dessert,None,50,insufficient_data,50,insufficient_data,0,False,None,dessert
4014400907902,reduced_sugar_dessert,0.0,25.1,E,26.1,E,1.0,True,None,dessert
4136857,dairy_dessert_generic,None,38.2,D,38.2,D,0.0,False,None,dessert
4607001414445,dairy_dessert_generic,None,17.7,insufficient_data,17.7,insufficient_data,0.0,False,None,dessert
5431920,dairy_dessert_generic,None,25.9,E,25.9,E,0.0,False,None,dairy_protein
6437044,probiotic_dessert,None,47.9,insufficient_data,47.9,insufficient_data,0.0,False,None,dessert
7290011387181,probiotic_dessert,None,50,insufficient_data,50,insufficient_data,0,False,None,dessert
7290011899295,probiotic_dessert,None,50,insufficient_data,50,insufficient_data,0,False,None,dessert
7290012637315,dairy_dessert_generic,None,37.5,D,37.5,D,0.0,False,None,dairy_protein
7290012760037,probiotic_dessert,None,50,insufficient_data,50,insufficient_data,0,False,None,dessert
7290013465009,probiotic_dessert,None,50,insufficient_data,50,insufficient_data,0,False,None,dessert
7290013531346,dairy_dessert_generic,None,21.4,E,21.4,E,0.0,False,None,default
7290013621221,probiotic_dessert,None,50,insufficient_data,50,insufficient_data,0,False,None,dessert
7290014546530,dairy_dessert_generic,None,50,insufficient_data,50,insufficient_data,0,False,None,default
7290014762220,dairy_dessert_generic,None,36.1,D,36.1,D,0.0,False,None,default
7290015765589,probiotic_dessert,None,50,insufficient_data,50,insufficient_data,0,False,None,dessert
7290017218007,probiotic_dessert,None,50,insufficient_data,50,insufficient_data,0,False,None,dessert
7290017242507,dairy_dessert_generic,None,41.3,insufficient_data,41.3,insufficient_data,0.0,False,None,dessert
7290017243221,dairy_dessert_generic,None,50,insufficient_data,50,insufficient_data,0,False,None,default
7290018249123,pudding_dessert,0.0,36.0,D,37.0,D,1.0,True,None,dessert
7290018249550,pudding_dessert,0.0,35.5,D,36.5,D,1.0,True,None,dessert
7290019056027,reduced_sugar_dessert,0.0,33.7,E,34.7,E,1.0,True,None,dessert
7290019297802,kids_dessert,None,50,insufficient_data,50,insufficient_data,0,False,None,default
7290019444114,probiotic_dessert,None,50,insufficient_data,50,insufficient_data,0,False,None,dessert
7290019939429,reduced_sugar_dessert,0.0,40.1,D,41.1,D,1.0,True,None,snack_bar_granola
7290110321031,protein_dessert,None,69.0,B,69.0,B,0.0,False,None,dairy_protein
7290110324926,dairy_dessert_generic,None,53.1,C,53.1,C,0.0,False,None,beverage
7290110325312,dairy_dessert_generic,None,46.7,D,46.7,D,0.0,False,None,dessert
7290110325510,flavored_yogurt_dessert,None,45.9,D,45.9,D,0.0,False,None,dessert
7290110328788,dairy_dessert_generic,None,59.8,C,59.8,C,0.0,False,None,dairy_protein
7290110329143,protein_dessert,None,50.4,C,50.4,C,0.0,False,None,dessert
7290110329846,dairy_dessert_generic,0.0,63.5,C,64.5,C,1.0,True,None,dessert
7290116930718,dairy_dessert_generic,None,31.5,E,31.5,E,0.0,False,None,dessert
7290116932620,dairy_dessert_generic,None,76.9,B,76.9,B,0.0,False,None,dairy_protein
7290116933801,flavored_yogurt_dessert,None,43.4,D,44.4,D,1.0,False,None,cereal
7290116934242,dairy_dessert_generic,None,33.0,E,33.0,E,0.0,False,None,default
7290116934556,dairy_dessert_generic,None,28.0,E,28.0,E,0.0,False,None,default
7290119040124,dairy_dessert_generic,None,23.7,insufficient_data,24.7,insufficient_data,1.0,False,None,biscuit
7290119040322,dairy_dessert_generic,None,28.5,insufficient_data,29.5,insufficient_data,1.0,False,None,biscuit
7290119040773,dairy_dessert_generic,None,33.2,insufficient_data,34.2,insufficient_data,1.0,False,None,biscuit
7290119041305,dairy_dessert_generic,None,43.0,insufficient_data,44.0,insufficient_data,1.0,False,None,biscuit
7296073320074,dairy_dessert_generic,None,50,insufficient_data,50,insufficient_data,0,False,None,default
7296073453116,dairy_dessert_generic,None,50,insufficient_data,50,insufficient_data,0,False,None,dairy_protein
7296073552451,kids_dessert,None,50,insufficient_data,50,insufficient_data,0,False,None,default
7296073593744,dairy_dessert_generic,None,50,insufficient_data,50,insufficient_data,0,False,None,dairy_protein
7296073659563,dairy_dessert_generic,None,40.6,insufficient_data,40.6,insufficient_data,0.0,False,None,default
7296073659570,dairy_dessert_generic,None,40.5,insufficient_data,40.5,insufficient_data,0.0,False,None,default
7296073659587,dairy_dessert_generic,None,44.8,insufficient_data,44.8,insufficient_data,0.0,False,None,default
7296073659594,dairy_dessert_generic,None,33.7,E,33.7,E,0.0,False,None,default
7350012551797,probiotic_dessert,None,50,insufficient_data,50,insufficient_data,0,False,None,dessert
77245110610,reduced_sugar_dessert,0.0,39.2,D,40.2,D,1.0,True,None,dessert
80831402,dairy_dessert_generic,0.0,38.9,D,39.9,D,1.0,True,None,default
8324007,probiotic_dessert,None,50,insufficient_data,50,insufficient_data,0,False,None,dessert
8324038,probiotic_dessert,None,50,insufficient_data,50,insufficient_data,0,False,None,dessert
8410076900333,protein_dessert,None,50,insufficient_data,50,insufficient_data,0,False,None,snack_bar_granola
8533997,probiotic_dessert,None,50,insufficient_data,50,insufficient_data,0,False,None,dessert
