barcode,name,shelf,off_category,off_score,off_grade,on_category,on_score,on_grade,score_delta,cat_changed,grade_changed,score_changed
1343845,גרנולה עם פירות,granola,,,,,,,0.0,False,False,False
1361177,עוגת פס דובדבנים,cakes_hard_cookies,default,15.9,E,default,15.9,E,0.0,False,False,False
1361207,עוגת פס אוכמניות,cakes_hard_cookies,default,23.8,E,default,23.8,E,0.0,False,False,False
16000423534,חטיף שיבולת שועל+שוקולד,snacks,snack_bar_granola,35.6,D,snack_bar_granola,35.6,D,0.0,False,False,False
16000548404,חטיף שיבולת שועל עם דבש,snacks,cereal,34.6,E,cereal,34.6,E,0.0,False,False,False
16000548503,חטיף שיבולת שועל+מייפל,snacks,cereal,34.6,E,cereal,34.6,E,0.0,False,False,False
1902325,חלה קלועה,bread,whole_food_fat,54.5,C,whole_food_fat,54.5,C,0.0,False,False,False
2079033,לחם דגנים לייט,bread,bread,75.8,B,bread,75.8,B,0.0,False,False,False
2079217,לחם מחמצת שיפון+אגוזים,bread,bread,63.1,C,bread,63.1,C,0.0,False,False,False
2079477,לחם אחיד פרוס,bread,bread,68.7,B,bread,68.7,B,0.0,False,False,False
2079927,לחם דגנים מלא,bread,bread,76.2,B,bread,76.2,B,0.0,False,False,False
2079996,לחם אחיד פרוס קל,bread,bread,75.3,B,bread,75.3,B,0.0,False,False,False
2107798,בולגרית מעודנת 5% — משק צוריאל,brined_cheeses,dairy_protein,69.8,B,dairy_protein,69.8,B,0.0,False,False,False
2133162,גבינה בולגרית 5% שומן — מחלבת רמת הגולן,brined_cheeses,dairy_protein,72.0,B,dairy_protein,72.0,B,0.0,False,False,False
2133889,בולגרית מעודנת 5% שומן — מחלבת רמת הגולן,brined_cheeses,dairy_protein,67.6,B,dairy_protein,67.6,B,0.0,False,False,False
2472087,עוגת פס שוקולד,cakes_hard_cookies,snack_bar_granola,10,E,snack_bar_granola,10,E,0.0,False,False,False
2472117,עוגת פס קפוצ'ינו,cakes_hard_cookies,dessert,10,E,dessert,10,E,0.0,False,False,False
2472148,עוגת פס היער השחור,cakes_hard_cookies,dessert,10,E,dessert,10,E,0.0,False,False,False
2472186,עוגת מאפין וניל,cakes_hard_cookies,whole_food_fat,22.1,E,whole_food_fat,22.1,E,0.0,False,False,False
2472193,עוגת מאפין שוקולד,cakes_hard_cookies,snack_bar_granola,17.0,E,snack_bar_granola,17.0,E,0.0,False,False,False
2472223,עוגת מאפין תפוז — שופרסל,cakes_hard_cookies,whole_food_fat,12.2,E,whole_food_fat,12.2,E,0.0,False,False,False
2472254,עוגת מאפין אגוזים — שופרסל,cakes_hard_cookies,whole_food_fat,24.1,E,whole_food_fat,24.1,E,0.0,False,False,False
2472261,עוגת מאפין תפוחי עץ,cakes_hard_cookies,whole_food_fat,26.2,E,whole_food_fat,26.2,E,0.0,False,False,False
2472841,עוגת סבתא בטעם שוקולד,cakes_hard_cookies,snack_bar_granola,11.2,E,snack_bar_granola,11.2,E,0.0,False,False,False
2824183,גבינה לבנה סקי 5% שומן,cheese,dairy_protein,65.2,B,dairy_protein,65.2,B,0.0,False,False,False
2824640,גבינה לבנה 5%,cheese,dairy_protein,65.2,B,dairy_protein,65.2,B,0.0,False,False,False
2868996,קוטג' 5% שומן,cheese,dairy_protein,65.6,B,dairy_protein,65.6,B,0.0,False,False,False
2986058,פתי בר וניל — גטניו,cookies_coffee,biscuit,35.5,D,biscuit,35.5,D,0.0,False,False,False
2986065,פתי בר בטעם שוקולד — גטניו,cookies_coffee,snack_bar_granola,32.1,E,biscuit,35.8,D,3.7,True,True,True
2987963,חומוס,hummus,sauce_spread,53.7,C,sauce_spread,53.7,C,0.0,False,False,False
3046920023047,לינדט אקסלנס פיסטוק,chocolate_tablets,snack_bar_granola,29.9,E,snack_bar_granola,29.9,E,0.0,False,False,False
3046920028004,שוקולד מריר לינדט 70%,chocolate_tablets,snack_bar_granola,28.7,E,snack_bar_granola,28.7,E,0.0,False,False,False
3046920028363,שוקולד מריר לינדט 85%,chocolate_tablets,snack_bar_granola,43.8,D,snack_bar_granola,43.8,D,0.0,False,False,False
3046920028752,שוקולד מריר לינדט מנטה,chocolate_tablets,snack_bar_granola,23.0,E,snack_bar_granola,23.0,E,0.0,False,False,False
3046920029674,שוקולד מריר לינדט מלח,chocolate_tablets,snack_bar_granola,22.4,E,snack_bar_granola,22.4,E,0.0,False,False,False
3046920029759,שוקולד מריר לינדט 90%,chocolate_tablets,snack_bar_granola,51.2,C,snack_bar_granola,51.2,C,0.0,False,False,False
3054183,לחם שיפון מלא מסטמכר,bread,bread,81.0,A,bread,81.0,A,0.0,False,False,False
3073781199918,גבינה חצי קשה 24% בייבי בל 5*20 גרם,hard_cheeses,,,,,,,0.0,False,False,False
3075805,גבינת טמרה מלוחה בקר 17% — מחלבת רג'ב,brined_cheeses,dairy_protein,55.0,C,dairy_protein,55.0,C,0.0,False,False,False
3075850,לבנה עם זעתר,cheese,dairy_protein,49.0,D,dairy_protein,49.0,D,0.0,False,False,False
311128,עוגיות בטעם חמאה — מן,cookies_coffee,biscuit,18.0,E,biscuit,18.0,E,0.0,False,False,False
311463,"עוגיות חמאה ללת""ס — מן",cookies_coffee,biscuit,45.2,D,biscuit,45.2,D,0.0,False,False,False
311708,עוגיות מחיטה מלאה מן — מן,cookies_coffee,biscuit,23.0,E,biscuit,23.0,E,0.0,False,False,False
313160,עוגיות שוקולד זהבה — אסם,cookies_coffee,snack_bar_granola,21.3,E,biscuit,22.0,E,0.7,True,False,True
313184,עוגיות גן חיות טעם וניל,cookies_coffee,biscuit,35.3,D,biscuit,35.3,D,0.0,False,False,False
3268252,לחם חיטה מלא לילדים,bread,bread,82.0,A,bread,82.0,A,0.0,False,False,False
3268429,לחם ירוק מקמח מלא,bread,bread,84.9,A,bread,84.9,A,0.0,False,False,False
3387390525960,דגני בוקר קראנץ',cereals,cereal,35.5,D,cereal,35.5,D,0.0,False,False,False
34000250103,חטיף שוקולד ממולא בוטנים,chocolate_bars,snack_bar_granola,10,E,snack_bar_granola,10,E,0.0,False,False,False
3523230065467,גבינת עזים שום+עשב תיבול,cheese,dairy_protein,45.0,D,dairy_protein,45.0,D,0.0,False,False,False
369617,כדורי פטה בשמן מתובל — גבינות ניצן,brined_cheeses,dairy_protein,49.1,D,dairy_protein,49.1,D,0.0,False,False,False
3727667,חומוס מסעדה,hummus,sauce_spread,54.0,C,sauce_spread,54.0,C,0.0,False,False,False
3800020401552,קיט קט צ'אנקי פאנקי,chocolate_bars,snack_bar_granola,15.7,E,snack_bar_granola,15.7,E,0.0,False,False,False
3989096,סלט חציל פיקנטי,hummus,sauce_spread,37.9,D,sauce_spread,37.9,D,0.0,False,False,False
4000417025005,שוקולד מריר עם מרציפן,chocolate_tablets,snack_bar_granola,30.0,E,snack_bar_granola,30.0,E,0.0,False,False,False
4000539280726,שוקולד מריר לינדט70%מילד,chocolate_tablets,snack_bar_granola,32.0,E,snack_bar_granola,32.0,E,0.0,False,False,False
4000539280740,שוקולד מריר לינדט 78%,chocolate_tablets,snack_bar_granola,50.0,C,snack_bar_granola,50.0,C,0.0,False,False,False
4006529002170,עוגיות גולד רינג 400 גרם ללא מיתוג,cookies_coffee,biscuit,21.8,E,biscuit,21.8,E,0.0,False,False,False
4011800628512,קורני חטיפי דגנים+שוקולד,snacks,snack_bar_granola,15.4,E,snack_bar_granola,15.4,E,0.0,False,False,False
4011800632519,קורני חטיפי קוקוס שוקולד,snacks,snack_bar_granola,30.4,E,snack_bar_granola,30.4,E,0.0,False,False,False
4011800633516,חטיף דגנים שוקולד מריר · קורני,snacks,snack_bar_granola,15.9,E,snack_bar_granola,15.9,E,0.0,False,False,False
4017100198151,עוגיות היט בטעם וניל 220 גרם בלזן,cookies_coffee,biscuit,15.5,E,biscuit,15.5,E,0.0,False,False,False
4017100364112,עוגיות היט בטעם שוקולד 220 גרם בלזן,cookies_coffee,snack_bar_granola,15.1,E,biscuit,16.6,E,1.5,True,False,True
4127077,קוטג' 3% שומן,cheese,dairy_protein,66.9,B,dairy_protein,66.9,B,0.0,False,False,False
4127329,קוטג' 5% שומן,cheese,dairy_protein,65.1,B,dairy_protein,65.1,B,0.0,False,False,False
4127336,קוטג' 9% שומן,cheese,dairy_protein,49.0,D,dairy_protein,49.0,D,0.0,False,False,False
4129101,גבינת נפוליאון בטעם טבעי,cheese,dairy_protein,41.9,D,dairy_protein,41.9,D,0.0,False,False,False
4129118,גבינת שמנת 24% עם זיתים,cheese,dairy_protein,42.9,D,dairy_protein,42.9,D,0.0,False,False,False
4129156,גבינת נפוליאון שום שמיר,cheese,dairy_protein,41.6,D,dairy_protein,41.6,D,0.0,False,False,False
41445,קוטג' תנובה 5%,cheese,dairy_protein,65.1,B,dairy_protein,65.1,B,0.0,False,False,False
41452,קוטג' מהדרין 9% שומן,cheese,dairy_protein,49.0,D,dairy_protein,49.0,D,0.0,False,False,False
4170097,עוגת קרנץ' בטעם שוקולד,cakes_hard_cookies,snack_bar_granola,11.7,E,snack_bar_granola,11.7,E,0.0,False,False,False
4170103,עוגת קרנץ אגוזים וקינמון,cakes_hard_cookies,whole_food_fat,14.1,E,whole_food_fat,14.1,E,0.0,False,False,False
4504649,מיני שטרודל קרם פטיסייר,cakes_hard_cookies,dessert,20.5,E,dessert,20.5,E,0.0,False,False,False
4504656,מיני שטרודל תפוח עץ,cakes_hard_cookies,sauce_spread,20.5,E,sauce_spread,20.5,E,0.0,False,False,False
4504670,מיני שטרודל במילוי שקדים,cakes_hard_cookies,whole_food_fat,26.4,E,whole_food_fat,26.4,E,0.0,False,False,False
4504687,מיני שטרודל חלבה שוקולד,cakes_hard_cookies,snack_bar_granola,18.6,E,snack_bar_granola,18.6,E,0.0,False,False,False
46214731552,עוגיות שוקולד צ'יפס,cookies_coffee,snack_bar_granola,15.2,E,biscuit,16.7,E,1.5,True,False,True
46214930207,עוגיות שוקולד צ'יפס,cookies_coffee,snack_bar_granola,14.5,E,snack_bar_granola,14.5,E,0.0,False,False,False
467153,מלך החומוס סמיר הגדול,hummus,sauce_spread,50.2,C,sauce_spread,50.2,C,0.0,False,False,False
467320,מלך החומוס אבו מרוואן,hummus,sauce_spread,51.0,C,sauce_spread,51.0,C,0.0,False,False,False
4685027,לחם מחמצת וחיטה מלאה קל,bread,bread,68.0,B,bread,68.0,B,0.0,False,False,False
474502,גבינה לבנה 5% שומן,cheese,dairy_protein,69.2,B,dairy_protein,69.2,B,0.0,False,False,False
481197,לחם מחמצת גרעינים,bread,bread,80.9,A,bread,80.9,A,0.0,False,False,False
481203,לחם מחמצת קמח מלא,bread,bread,82.0,A,bread,82.0,A,0.0,False,False,False
4820180816552,עוגיות עם ש.שועל קוקוס — PASTICERE,cookies_coffee,biscuit,16.6,E,biscuit,16.6,E,0.0,False,False,False
4820180816576,עוגיות עם שבבי קוקוס — PASTICERE,cookies_coffee,biscuit,24.0,E,biscuit,24.0,E,0.0,False,False,False
4820180816590,עוגיות עם גרעיני חמנייה — PASTICERE,cookies_coffee,biscuit,24.0,E,biscuit,24.0,E,0.0,False,False,False
4823077614675,ביסקוויט לקפה בטעם חלב — ROSHEN,cookies_coffee,biscuit,17.6,E,biscuit,17.6,E,0.0,False,False,False
4823077614699,ביסקוויט לקפה בטעם חמאה — ROSHEN,cookies_coffee,biscuit,26.0,E,biscuit,26.0,E,0.0,False,False,False
4823077617041,חטיף שוקולד ממולא קרמל,chocolate_bars,snack_bar_granola,14.2,E,snack_bar_granola,14.2,E,0.0,False,False,False
4823077633317,עוגיות LOVITA שוקולד,cookies_coffee,snack_bar_granola,22.8,E,biscuit,24.3,E,1.5,True,False,True
48413,גבינה מלוחה חמד 16% — פיראוס,brined_cheeses,dairy_protein,55.0,C,dairy_protein,55.0,C,0.0,False,False,False
4861360,גבינה צפתית בטעמים — מחלבת המושבה,brined_cheeses,dairy_protein,72.0,B,dairy_protein,72.0,B,0.0,False,False,False
497044,לחם ברמן אקטיב,bread,bread,75.4,B,bread,75.4,B,0.0,False,False,False
5000159559485,טוויקס חטיף בודד,chocolate_bars,snack_bar_granola,15.8,E,snack_bar_granola,15.8,E,0.0,False,False,False
5000159560511,סניקרס חטיף בודד,chocolate_bars,snack_bar_granola,20.9,E,snack_bar_granola,20.9,E,0.0,False,False,False
5000159561976,באונטי חטיף בודד,chocolate_bars,snack_bar_granola,13.1,E,snack_bar_granola,13.1,E,0.0,False,False,False
5010029000061,דגני בוקר ויטביקס,cereals,cereal,74.7,B,cereal,74.7,B,0.0,False,False,False
5174551,חומוס יום יום,hummus,sauce_spread,53.9,C,sauce_spread,53.9,C,0.0,False,False,False
5317194,ביסקוויט בטעם וניל הדר — הדר,cookies_coffee,biscuit,37.8,D,biscuit,37.8,D,0.0,False,False,False
540160,"עוגיות ללת""ס מקמח מלא — האחים",cookies_coffee,biscuit,51.5,C,biscuit,51.5,C,0.0,False,False,False
5410126006049,ביסקוויט לוטוס טעם קרמל — לוטוס,cookies_coffee,biscuit,18.4,E,biscuit,18.4,E,0.0,False,False,False
5410126116168,ביסקוויט בטעם קרמל — לוטוס,cookies_coffee,biscuit,18.4,E,biscuit,18.4,E,0.0,False,False,False
5410126726244,ביסקוויט קרמל — לוטוס,cookies_coffee,biscuit,18.4,E,biscuit,18.4,E,0.0,False,False,False
5410126806250,עוגיות לוטוס — לוטוס,cookies_coffee,biscuit,18.4,E,biscuit,18.4,E,0.0,False,False,False
5411188112709,אלפרו שקדים ללא סוכר,milk,beverage,46.2,D,beverage,46.2,D,0.0,False,False,False
5411188124689,אלפרו שיבולת שועל ללא סוכר,milk,beverage,49.7,D,beverage,49.7,D,0.0,False,False,False
5411188300328,אלפרו שוקו משקה סויה,milk,beverage,33.5,E,beverage,33.5,E,0.0,False,False,False
5431913,עוגת גבינה פירורים,cakes_hard_cookies,dairy_protein,28.0,E,dairy_protein,28.0,E,0.0,False,False,False
5431920,עוגת גבינה פירורים לייט,cakes_hard_cookies,dairy_protein,30.6,E,dairy_protein,30.6,E,0.0,False,False,False
554457,גבינה צפתית 5% שומן — מחלבות גד,brined_cheeses,dairy_protein,75.2,B,dairy_protein,75.2,B,0.0,False,False,False
554532,גבינה צפתית מעודנת 5% — מחלבות גד,brined_cheeses,dairy_protein,75.2,B,dairy_protein,75.2,B,0.0,False,False,False
554969,גבינת שמנת 30%,cheese,dairy_protein,46.1,D,dairy_protein,46.1,D,0.0,False,False,False
554976,גבינת שמנת 30% עם זיתים,cheese,dairy_protein,46.1,D,dairy_protein,46.1,D,0.0,False,False,False
554983,גבינה לאבנה5%  א.ח.נוכרי,cheese,dairy_protein,50,C,dairy_protein,50,C,0.0,False,False,False
56272,גבינה לבנה עם זיתים 5%,cheese,dairy_protein,61.7,C,dairy_protein,61.7,C,0.0,False,False,False
5718021,עוגת שטרודל גבינה,cakes_hard_cookies,dairy_protein,32.2,E,dairy_protein,32.2,E,0.0,False,False,False
5718038,עוגת שטרודל תפוחי עץ,cakes_hard_cookies,dessert,22.9,E,dessert,22.9,E,0.0,False,False,False
574370,לחם שיפון קל,bread,bread,79.2,B,bread,79.2,B,0.0,False,False,False
5900020012814,דגני בוקר נסקוויק,cereals,cereal,55.0,C,cereal,55.0,C,0.0,False,False,False
5900020036407,ליון דגני שוקולד וקרמל,cereals,snack_bar_granola,55.0,C,snack_bar_granola,55.0,C,0.0,False,False,False
5900951310379,סניקרס קרימי חטיף בודד,chocolate_bars,snack_bar_granola,16.8,E,snack_bar_granola,16.8,E,0.0,False,False,False
5901414200411,עוגיות היט מיניס עם שוקולד 130 גרם בלזן,cookies_coffee,snack_bar_granola,15.7,E,biscuit,15.8,E,0.1,True,False,True
5941021001674,שוקולד מריר 85%,chocolate_tablets,snack_bar_granola,42.5,D,snack_bar_granola,42.5,D,0.0,False,False,False
5992889,גבינת שמנת שום שמיר 30%,cheese,dairy_protein,46.1,D,dairy_protein,46.1,D,0.0,False,False,False
6009684861000,חטיף גרנולה דבש ומייפל,snacks,snack_bar_granola,32.0,E,snack_bar_granola,32.0,E,0.0,False,False,False
6040619,גבינה טבורוג 5%,cheese,dairy_protein,72.4,B,dairy_protein,72.4,B,0.0,False,False,False
61245,עוגיות שוקוציפס+שוקולד — אסם,cookies_coffee,snack_bar_granola,15.6,E,snack_bar_granola,15.6,E,0.0,False,False,False
6451484,לחם מחמצת אגוזים צימוקים,bread,bread,67.4,B,bread,67.4,B,0.0,False,False,False
6451507,לחם מחמצת מכוסמין,bread,bread,69.0,B,bread,69.0,B,0.0,False,False,False
6492852,גבינה לבנה עיזים 5% גד,cheese,dairy_protein,51.8,C,dairy_protein,51.8,C,0.0,False,False,False
6666307,סלט חומוס,hummus,sauce_spread,66.0,B,sauce_spread,66.0,B,0.0,False,False,False
6666444,סלט מטבוחה,hummus,sauce_spread,49.2,D,sauce_spread,49.2,D,0.0,False,False,False
6724786,ממרח פלפלים קלויים,hummus,sauce_spread,35.9,D,sauce_spread,35.9,D,0.0,False,False,False
6983770,עוגת הבית שיש אסם,cakes_hard_cookies,default,11.1,E,default,11.1,E,0.0,False,False,False
6983787,עוגת שוקולד צ'יפס,cakes_hard_cookies,snack_bar_granola,11.6,E,snack_bar_granola,11.6,E,0.0,False,False,False
6983794,עוגת הבית תפוז,cakes_hard_cookies,sauce_spread,12.0,E,sauce_spread,12.0,E,0.0,False,False,False
7290000051352,חלב מלא בטעם של פעם 1ליטר לפחות 3.4%שומן,milk,bread,85,A,bread,85,A,0.0,False,False,False
7290000057088,פרוסות גבינת עמק דק 28% 200 גרם,hard_cheeses,,,,,,,0.0,False,False,False
7290000061245,עוגיות שוקוצ'יפס ממולאות 220 גרם אסם,cookies_coffee,biscuit,37.4,D,biscuit,37.4,D,0.0,False,False,False
7290000075143,עוגיות שוקוצ'יפס קלאסי 200 גרם אסם,cookies_coffee,biscuit,14.6,E,biscuit,14.6,E,0.0,False,False,False
7290000136523,ג'אמפ ענבים 1.5 ליטר,juices,beverage,36.8,D,beverage,36.8,D,0.0,False,False,False
7290000525969,מיץ תפוזים סחוט 1 ליטר,juices,beverage,85,A,beverage,85,A,0.0,False,False,False
7290001247723,"ספרינג נקטר תות בננה פחית 330 מ""ל",juices,default,36.9,D,default,36.9,D,0.0,False,False,False
7290001247730,"ספרינג נקטר מנגו פחית 330 מ""ל",juices,default,35.4,D,default,35.4,D,0.0,False,False,False
7290001247891,"ספרינג נקטר אפרסקים פחית 330 מ""ל",juices,default,37.4,D,default,37.4,D,0.0,False,False,False
7290003009640,סחוט תפוז 1 ליטר,juices,default,85,A,default,85,A,0.0,False,False,False
7290004030100,100% מיץ תפוזים ולנסיה סחוט 1 ליטר פריני,juices,beverage,85,A,beverage,85,A,0.0,False,False,False
7290004122348,"פרוסות גבינת עמק מופחתת שומן 9% בד""צ 200 גרם",hard_cheeses,,,,,,,0.0,False,False,False
7290004122683,אצבעות גבינת עמק 28% 172 גרם,hard_cheeses,,,,,,,0.0,False,False,False
7290004125776,פרוסות גבינת עמק 28% בקופסא 400 גרם,hard_cheeses,,,,,,,0.0,False,False,False
7290004137311,פרוסות גבינת עמק מופחתת שומן 9% בקופסא 400 גרם,hard_cheeses,,,,,,,0.0,False,False,False
7290006775023,עוגה אנגלית 450 גרם אחוה,cakes_hard_cookies,dessert,17.8,E,dessert,17.8,E,0.0,False,False,False
7290006775085,עוגת שמרים במילוי קרם בטעם שוקולד 400 גרם אחוה,cakes_hard_cookies,snack_bar_granola,10,E,snack_bar_granola,10,E,0.0,False,False,False
7290006775337,עוגת שמרים פרג 400 גרם אחוה,cakes_hard_cookies,snack_bar_granola,10,E,snack_bar_granola,10,E,0.0,False,False,False
7290006822192,מיץ חמוציות דיאט 1 ליטר,juices,beverage,39.9,D,beverage,39.9,D,0.0,False,False,False
7290006983787,עוגת הבית שוקולד צ'יפס 400 גרם עוגות הבית,cakes_hard_cookies,snack_bar_granola,30.4,E,snack_bar_granola,30.4,E,0.0,False,False,False
7290008690713,מיץ חמוציות 1 ליטר,juices,beverage,45.8,D,beverage,45.8,D,0.0,False,False,False
7290010154265,פלפל צ'ומה,hummus,sauce_spread,35.9,D,sauce_spread,35.9,D,0.0,False,False,False
7290010931330,סלט מטבוחה,hummus,sauce_spread,45.7,D,sauce_spread,45.7,D,0.0,False,False,False
7290010945481,גבינה לבנה 5% שומן,cheese,dairy_protein,69.2,B,dairy_protein,69.2,B,0.0,False,False,False
7290011131050,גרנולה פקאן,granola,,,,,,,0.0,False,False,False
7290011131968,גרנולה אגוזים,granola,,,,,,,0.0,False,False,False
7290011131975,גרנולה פירות,granola,,,,,,,0.0,False,False,False
7290011194246,קוטג' 5% שומן,cheese,dairy_protein,57.7,C,dairy_protein,57.7,C,0.0,False,False,False
7290011489625,ביסקוויט בטעם שוקו — הדר,cookies_coffee,biscuit,37.7,D,biscuit,37.7,D,0.0,False,False,False
7290011498894,חטיפי תמר + חמאת בוטנים,snacks,whole_food_fat,63.0,C,whole_food_fat,63.0,C,0.0,False,False,False
7290011498900,חטיף תמר עם חמאת שקד,snacks,whole_food_fat,50,C,whole_food_fat,50,C,0.0,False,False,False
7290011498917,חטיפי תמר+קוקוס מצופים,snacks,default,32.0,E,default,32.0,E,0.0,False,False,False
7290011498948,חטיפי תמר בציפוי שוקולד,snacks,snack_bar_granola,45.0,D,snack_bar_granola,45.0,D,0.0,False,False,False
7290011498986,חטיף תמרים עם חמאת קשיו,snacks,snack_bar_granola,32.0,E,snack_bar_granola,32.0,E,0.0,False,False,False
7290011499051,גבינה פטה כבשים 20% — מחלבות גד,brined_cheeses,dairy_protein,55.0,C,dairy_protein,55.0,C,0.0,False,False,False
7290011499105,גבינה בולגרית מסורתית 5% — מחלבות גד,brined_cheeses,dairy_protein,67.5,B,dairy_protein,67.5,B,0.0,False,False,False
7290011499112,גבינה בולגרית 16% שומן — מחלבות גד,brined_cheeses,dairy_protein,55.0,C,dairy_protein,55.0,C,0.0,False,False,False
7290011499129,קוביות בולגרית מעודנת 5% — מחלבות גד,brined_cheeses,dairy_protein,72.0,B,dairy_protein,72.0,B,0.0,False,False,False
7290011499303,פטה מעודנת עיזים 5% — מחלבות גד,brined_cheeses,dairy_protein,69.5,B,dairy_protein,69.5,B,0.0,False,False,False
7290011499327,גבינה בולגרית מעודנת 5% — מחלבות גד,brined_cheeses,dairy_protein,67.5,B,dairy_protein,67.5,B,0.0,False,False,False
7290011499358,פטה עיזים 20% שומן — מחלבות גד,brined_cheeses,dairy_protein,55.0,C,dairy_protein,55.0,C,0.0,False,False,False
7290011499365,גבינת חלומי 24% — מחלבות גד,brined_cheeses,dairy_protein,55.0,C,dairy_protein,55.0,C,0.0,False,False,False
7290011499624,גבינת שמנת טעם טבעי 30%,cheese,dairy_protein,31.3,E,dairy_protein,31.3,E,0.0,False,False,False
7290011668587,גרנולה עשירה,granola,,,,,,,0.0,False,False,False
7290011800642,סלט מטבוחה מרוקאית,hummus,sauce_spread,46.1,D,sauce_spread,46.1,D,0.0,False,False,False
7290012244032,עוגת מוס היער השחור,cakes_hard_cookies,dessert,10,E,dessert,10,E,0.0,False,False,False
7290012244056,עוגת מוס גבינה פרורים,cakes_hard_cookies,dessert,10,E,dessert,10,E,0.0,False,False,False
7290013153395,סחוט 1 ליטר רימונים,juices,default,85,A,default,85,A,0.0,False,False,False
7290013153418,סחוט לימונענע 1 ליטר,juices,default,28.5,E,default,28.5,E,0.0,False,False,False
7290013156006,עוגיות מיני מרוקאיות 350 גרם בבקה,cookies_coffee,biscuit,36.2,D,biscuit,36.2,D,0.0,False,False,False
7290013156921,עוגיות אצבעות מתוקות ללא סוכר גאקובס 350 גרם ג'ייקוב אנד אס,cookies_coffee,biscuit,40.0,D,biscuit,40.0,D,0.0,False,False,False
7290013433091,גרנולה 8% שוקולד מריר,granola,,,,,,,0.0,False,False,False
7290013433107,גרנולה חלבה תמר קשיו,granola,,,,,,,0.0,False,False,False
7290013433244,גרנולה 18% חלבון,granola,,,,,,,0.0,False,False,False
7290013433336,גרנולה 48% סופרפוד,granola,,,,,,,0.0,False,False,False
7290013453068,עוגיות כוסמין פירות יער,cookies_coffee,biscuit,52.0,C,biscuit,52.0,C,0.0,False,False,False
7290013453501,ביסקוטי כוסמין שוקולד — דני וגלית,cookies_coffee,snack_bar_granola,43.3,D,snack_bar_granola,43.3,D,0.0,False,False,False
7290013453693,"עוגיות גרידת לימון ללת""ס — דני וגלית",cookies_coffee,biscuit,59.8,C,biscuit,59.8,C,0.0,False,False,False
7290013608260,מיץ רימונים 100%מיץ סחוט טרי מצונן 1ליט,juices,beverage,85,A,beverage,85,A,0.0,False,False,False
7290013683595,עוגת פס שביל החלב,cakes_hard_cookies,dairy_protein,10,E,dairy_protein,10,E,0.0,False,False,False
7290013740014,עוגיות שוקוצ'יפס,cookies_coffee,biscuit,37.0,D,biscuit,37.0,D,0.0,False,False,False
7290013740052,עוגיות פרחי ריבה — קופסת העוגיות של רחלי,cookies_coffee,biscuit,44.7,D,biscuit,44.7,D,0.0,False,False,False
7290013740113,עוגיות מרוקאיות — קופסת העוגיות של רחלי,cookies_coffee,biscuit,52.9,C,biscuit,52.9,C,0.0,False,False,False
7290013740137,עוגיות אוזן פיל — קופסת העוגיות של רחלי,cookies_coffee,biscuit,50.4,C,biscuit,50.4,C,0.0,False,False,False
7290013740229,עוגיות פרסות שקדים — קופסת העוגיות של רחלי,cookies_coffee,biscuit,46.1,D,biscuit,46.1,D,0.0,False,False,False
7290013740342,"עוגיות פרחי ריבה ללת""ס — קופסת העוגיות של רחלי",cookies_coffee,biscuit,42.9,D,biscuit,42.9,D,0.0,False,False,False
7290013740465,עוגיות שושנים — קופסת העוגיות של רחלי,cookies_coffee,biscuit,43.3,D,biscuit,43.3,D,0.0,False,False,False
7290013740472,עוגיות מושלגות — קופסת העוגיות של רחלי,cookies_coffee,biscuit,45.6,D,biscuit,45.6,D,0.0,False,False,False
7290013740540,"עוגיות אוזן פיל ללת""ס — קופסת העוגיות של רחלי",cookies_coffee,biscuit,44.7,D,biscuit,44.7,D,0.0,False,False,False
7290013740557,עוגיות רייפעת — קופסת העוגיות של רחלי,cookies_coffee,biscuit,48.5,D,biscuit,48.5,D,0.0,False,False,False
7290013740694,עוגיות אלפחורס — קופסת העוגיות של רחלי,cookies_coffee,biscuit,29.5,E,biscuit,29.5,E,0.0,False,False,False
7290013927996,עוגת שמרים קרנאץ' בטעם שוקולד 400 גרם אחוה,cakes_hard_cookies,snack_bar_granola,10,E,snack_bar_granola,10,E,0.0,False,False,False
7290014321168,לחם לס פרוס קיטו,bread,bread,70.0,B,bread,70.0,B,0.0,False,False,False
7290014471443,גרנולה אגוזים,granola,,,,,,,0.0,False,False,False
7290014758681,קוטג 1% שומן,cheese,dairy_protein,73.6,B,dairy_protein,73.6,B,0.0,False,False,False
7290014759084,גבינת שמנת בטעם טבעי16%,cheese,dairy_protein,49.0,D,dairy_protein,49.0,D,0.0,False,False,False
7290014760141,משקה שקדים,milk,beverage,51.5,C,beverage,51.5,C,0.0,False,False,False
7290014760912,פרוסות גבינה חצי קשה גוש חלב 28% מהדרין 400 גרם,hard_cheeses,,,,,,,0.0,False,False,False
7290014762831,גבינת שמנת+פלפל חלפיניו,cheese,dairy_protein,43.6,D,dairy_protein,43.6,D,0.0,False,False,False
7290014763395,פרוסות גבינת עמק 28% 600 גרם,hard_cheeses,,,,,,,0.0,False,False,False
7290015130028,WIN חטיף חלבון קרם חלב,protein_combined,,,,,,,0.0,False,False,False
7290015130035,WIN חטיף חלבון קרם קרמל,protein_combined,snack_bar_granola,41.0,D,snack_bar_granola,41.0,D,0.0,False,False,False
7290015130042,WIN חטיף חלבון קרם קרמל,protein_combined,snack_bar_granola,41.0,D,snack_bar_granola,41.0,D,0.0,False,False,False
7290015726528,עוגת פס מוס טירמיסו,cakes_hard_cookies,dessert,10,E,dessert,10,E,0.0,False,False,False
7290015726535,עוגת פס מוס בלגי פרווה,cakes_hard_cookies,dessert,10,E,dessert,10,E,0.0,False,False,False
7290015858175,ממרח פלפלים קלויים,hummus,sauce_spread,50.5,C,sauce_spread,50.5,C,0.0,False,False,False
7290016162264,עוגת גבינה רנסנס,cakes_hard_cookies,dairy_protein,32.0,E,dairy_protein,32.0,E,0.0,False,False,False
7290016245325,לחם טחינה פרוס,bread,snack_bar_granola,90.8,S,snack_bar_granola,90.8,S,0.0,False,False,False
7290016416961,עוגת מוס גבינה+תות שדה,cakes_hard_cookies,dessert,17.5,E,dessert,17.5,E,0.0,False,False,False
7290016967074,לחם אנג'ל חיטה מלאה,bread,bread,66.0,B,bread,66.0,B,0.0,False,False,False
7290017065236,בולגרית מעודנת 24% — מחלבות גד,brined_cheeses,dairy_protein,55.0,C,dairy_protein,55.0,C,0.0,False,False,False
7290017065434,פרוסות גבינת גאודה הולנדית 30% 200 גרם,hard_cheeses,,,,,,,0.0,False,False,False
7290017065663,פטה עיזים מעודנת 16% — מחלבות גד,brined_cheeses,dairy_protein,55.0,C,dairy_protein,55.0,C,0.0,False,False,False
7290017516295,חטיף חלבון אגוזי לוז,protein_combined,snack_bar_granola,71.5,B,snack_bar_granola,71.5,B,0.0,False,False,False
7290017724171,מארז עוגיות אקלר סנדוויץ ריבה ללא סוכר הללס,cookies_coffee,biscuit,24.2,E,biscuit,24.2,E,0.0,False,False,False
7290017894317,עוגיות כוסמין מלא שוקולד — גנדולה,cookies_coffee,snack_bar_granola,34.6,E,biscuit,36.1,D,1.5,True,True,True
7290017894904,כדורי דגנים טעם שוקולד,cereals,snack_bar_granola,43.0,D,snack_bar_granola,43.0,D,0.0,False,False,False
7290017894911,טבעות דגנים שיבולת שועל,cereals,cereal,50.0,C,cereal,50.0,C,0.0,False,False,False
7290017894928,צדפי דגנים טעם שוקולד,cereals,snack_bar_granola,47.0,D,snack_bar_granola,47.0,D,0.0,False,False,False
7290017898506,ביסקוטי — החוש השישי,cookies_coffee,biscuit,38.3,D,biscuit,38.3,D,0.0,False,False,False
7290017962023,גרנולה מייפל תמר פקאן,granola,,,,,,,0.0,False,False,False
7290017962047,גרנולה חמוציות ושקדים,granola,,,,,,,0.0,False,False,False
7290017962139,"עוגיות פירות יער כשל""פ — דני וגלית",cookies_coffee,biscuit,54.9,C,biscuit,54.9,C,0.0,False,False,False
7290018043134,אול אין שוק.לבן עוגיות,protein_combined,,,,,,,0.0,False,False,False
7290018043899,אול אין בוטנים קרמל,protein_combined,snack_bar_granola,38.0,D,snack_bar_granola,38.0,D,0.0,False,False,False
7290018371923,פתי בר קמח מלא אורגני — השדה,cookies_coffee,biscuit,29.0,E,biscuit,29.0,E,0.0,False,False,False
7290018371930,פתי בר קמח כוסמין אורגני — השדה,cookies_coffee,biscuit,29.0,E,biscuit,29.0,E,0.0,False,False,False
7290018371947,פתי בר כוסמין — השדה,cookies_coffee,biscuit,27.0,E,biscuit,27.0,E,0.0,False,False,False
7290018500316,לחם כוסמין לבן,bread,bread,74.8,B,bread,74.8,B,0.0,False,False,False
7290018500460,לחם אנג'ל חצי מלא,bread,bread,69.0,B,bread,69.0,B,0.0,False,False,False
7290018540329,פיתה פיתה,bread,bread,72.7,B,bread,72.7,B,0.0,False,False,False
7290018703076,אול אין דאבל שוקולד,protein_combined,snack_bar_granola,38.0,D,snack_bar_granola,38.0,D,0.0,False,False,False
7290018703304,אול אין קרם עוגיות,protein_combined,,,,,,,0.0,False,False,False
7290018703984,עוגיית חלבון שוקולד צ'יפ,protein_combined,,,,,,,0.0,False,False,False
7290018703991,עוגיית חלבון דאבל שוקולד,protein_combined,,,,,,,0.0,False,False,False
7290018893036,עוגיות סנדוויץ' שוקולד,cookies_coffee,snack_bar_granola,18.8,E,biscuit,19.5,E,0.7,True,False,True
7290018893401,צ'וקטה שוקולד מריר 70%,chocolate_tablets,snack_bar_granola,27.9,E,snack_bar_granola,27.9,E,0.0,False,False,False
7290018893487,עוגות אישיות קוקוס צ'וקטה צ'וקטה,cakes_hard_cookies,beverage,14.0,E,beverage,14.0,E,0.0,False,False,False
7290018893609,צ'וקטה שוקולד מריר 85%,chocolate_tablets,snack_bar_granola,44.7,D,snack_bar_granola,44.7,D,0.0,False,False,False
7290018893661,עוגות ספוג אישיות מצופות שוקולד מריר במילוי קרם קקאו צ'וקטה,cakes_hard_cookies,snack_bar_granola,18.6,E,snack_bar_granola,18.6,E,0.0,False,False,False
7290018893845,פתי בר בטעם חמאה — צ'וקטה,cookies_coffee,biscuit,36.4,D,biscuit,36.4,D,0.0,False,False,False
7290019056355,תפוזינה לימונענע 1.5 ליטר,juices,beverage,30.0,E,beverage,30.0,E,0.0,False,False,False
7290019056591,ספרינג ענבים 1.5 ליטר,juices,default,33.3,E,default,33.3,E,0.0,False,False,False
7290019056720,קריסטל מיץ ענבים 2 ליטר,juices,beverage,38.4,D,beverage,38.4,D,0.0,False,False,False
7290019056737,קריסטל מיץ אשכולית 2 ליטר,juices,beverage,29.0,E,beverage,29.0,E,0.0,False,False,False
7290019293804,קראנץ אגוזי לוז,cookies_coffee,whole_food_fat,33.1,E,whole_food_fat,33.1,E,0.0,False,False,False
7290019297208,חטיף גרנולה פירות יבשים,snacks,snack_bar_granola,25.9,E,snack_bar_granola,25.9,E,0.0,False,False,False
7290019310235,אול אין ונילה קראנץ,protein_combined,,,,,,,0.0,False,False,False
7290019401018,חטיף פרוטאין קרם עוגיות,protein_combined,,,,,,,0.0,False,False,False
7290019401049,חטיף פרוטאין שוקולד קרמל,protein_combined,snack_bar_granola,40.0,D,snack_bar_granola,40.0,D,0.0,False,False,False
7290019401544,חטיף פרוטאין עוגיות טופי,protein_combined,,,,,,,0.0,False,False,False
7290019635116,גבינת שמנת זיתים 5%,cheese,dairy_protein,42.4,D,dairy_protein,42.4,D,0.0,False,False,False
7290019635192,פרוסות גאודה עיזים,hard_cheeses,,,,,,,0.0,False,False,False
7290019635222,קוביות בולגרית מעודנת 16% — מחלבות גד,brined_cheeses,dairy_protein,55.0,C,dairy_protein,55.0,C,0.0,False,False,False
7290019635369,גבינת שמנת 16% שומן,cheese,dairy_protein,49.9,D,dairy_protein,49.9,D,0.0,False,False,False
7290019635376,גבינת שמנת גורגונזולה24%,cheese,dairy_protein,39.6,D,dairy_protein,39.6,D,0.0,False,False,False
7290019635383,גבינת שמנת ריבת בצל 24%,cheese,dairy_protein,21.4,E,dairy_protein,21.4,E,0.0,False,False,False
7290019635581,גבינת שמנת סלסה 24%,cheese,dairy_protein,30.9,E,dairy_protein,30.9,E,0.0,False,False,False
7290019635826,קוביות פטה עיזים מעודנת 5% — מחלבות גד,brined_cheeses,dairy_protein,72.0,B,dairy_protein,72.0,B,0.0,False,False,False
7290019766018,אול אין חלבון סופט עוגיות,protein_combined,,,,,,,0.0,False,False,False
7290019766025,אול אין סופט פיסטוק,protein_combined,,,,,,,0.0,False,False,False
7290019766230,חטיף חלבון אסטרה סופט,protein_combined,,,,,,,0.0,False,False,False
7290019790112,פטה כבשים 20% שומן — מחלבת רמת הגולן,brined_cheeses,dairy_protein,55.0,C,dairy_protein,55.0,C,0.0,False,False,False
7290019790259,חלב טבעי 4% 1 ליטר,milk,dairy_protein,85,A,dairy_protein,85,A,0.0,False,False,False
7290019790402,בולגרית של פעם 16% — מחלבת רמת הגולן,brined_cheeses,dairy_protein,55.0,C,dairy_protein,55.0,C,0.0,False,False,False
7290019790808,פטה עיזים 16% שומן — מחלבות רמת הגולן,brined_cheeses,dairy_protein,55.0,C,dairy_protein,55.0,C,0.0,False,False,False
7290019816034,מאגדת מיני קראנץ עוגיות,cookies_coffee,biscuit,29.1,E,biscuit,29.1,E,0.0,False,False,False
7290019816058,קראנץ מיני אלפחורס,cookies_coffee,snack_bar_granola,12.6,E,snack_bar_granola,12.6,E,0.0,False,False,False
7290019816232,קראנץ סנדויץ שוקולד,cookies_coffee,snack_bar_granola,15.0,E,snack_bar_granola,15.0,E,0.0,False,False,False
7290019870043,צ'וקטה שוקולד מריר 60%,chocolate_tablets,snack_bar_granola,26.5,E,snack_bar_granola,26.5,E,0.0,False,False,False
7290019870463,עוגיות סנדוויץ עם קרם בטעם וניל צ'וקטה 176 גרם צ'וקטה,cookies_coffee,dessert,15.2,E,dessert,15.2,E,0.0,False,False,False
7290019870470,עוגיות סנדוויץ עם קרם בטעם שוקו צ'וקטה 176 גרם צ'וקטה,cookies_coffee,dessert,26.1,E,dessert,26.1,E,0.0,False,False,False
7290019939412,שוקולד חלב ללא סוכר,chocolate_tablets,snack_bar_granola,24.6,E,snack_bar_granola,24.6,E,0.0,False,False,False
7290020030184,עוגיות מזרחיות עם זעתר 400 גרם אחוה,cookies_coffee,biscuit,54.0,C,biscuit,54.0,C,0.0,False,False,False
7290100249086,"חטיף קליק נוגט לבן כשל""פ",chocolate_bars,snack_bar_granola,15.5,E,snack_bar_granola,15.5,E,0.0,False,False,False
7290100659090,חטיף FREE תמרים וקינמון,snacks,snack_bar_granola,66.9,B,snack_bar_granola,66.9,B,0.0,False,False,False
7290101111986,עינוגים קוקיס עוגיות,cookies_coffee,biscuit,12.1,E,biscuit,12.1,E,0.0,False,False,False
7290102392094,חלב עיזים בקרטון 1 ליטר,milk,dairy_protein,85,A,dairy_protein,85,A,0.0,False,False,False
7290102393268,גבינה לבנה 5% שומן,cheese,dairy_protein,69.2,B,dairy_protein,69.2,B,0.0,False,False,False
7290102393718,חלומי בקר — משק צוריאל,brined_cheeses,dairy_protein,55.0,C,dairy_protein,55.0,C,0.0,False,False,False
7290102394463,פרוסות גבינה צהובה חצי קשה 28% נעם 500 גרם,hard_cheeses,,,,,,,0.0,False,False,False
7290102396672,פרוסות גבינה צהובה חצי קשה דקה 9% נעם 360 גרם,hard_cheeses,,,,,,,0.0,False,False,False
7290102397204,פרוסות גבינה צהובה חצי קשה דקה 22% נעם 200 גרם,hard_cheeses,,,,,,,0.0,False,False,False
7290102397334,גבינה בולגרית 5% — משק צוריאל,brined_cheeses,dairy_protein,72.0,B,dairy_protein,72.0,B,0.0,False,False,False
7290104061417,חומוס עם טחינה אחלה,hummus,sauce_spread,48.4,D,sauce_spread,48.4,D,0.0,False,False,False
7290104061424,חומוס עם זעתר,hummus,sauce_spread,50.6,C,sauce_spread,50.6,C,0.0,False,False,False
7290104061431,חומוס עם צנובר אחלה,hummus,sauce_spread,50.9,C,sauce_spread,50.9,C,0.0,False,False,False
7290104061448,חומוס עם חריף אחלה,hummus,sauce_spread,47.4,D,sauce_spread,47.4,D,0.0,False,False,False
7290104721533,סלט פלפלים קלויים,hummus,default,52.5,C,default,52.5,C,0.0,False,False,False
7290105362377,כיף כף מגדים,chocolate_bars,snack_bar_granola,15.6,E,snack_bar_granola,15.6,E,0.0,False,False,False
7290105364784,פרה קראנץ' שוקולד לבן פרה,cookies_coffee,snack_bar_granola,18.4,E,snack_bar_granola,18.4,E,0.0,False,False,False
7290105366023,סלט חציל בטעם כבד,hummus,sauce_spread,39.4,D,sauce_spread,39.4,D,0.0,False,False,False
7290105431516,חטיפי FREE תמרים ובוטנים,snacks,snack_bar_granola,51.2,C,snack_bar_granola,51.2,C,0.0,False,False,False
7290105436382,חטיפי FREE תמרים קשיו,snacks,default,51.0,C,default,51.0,C,0.0,False,False,False
7290105692498,"עוגת בראוניס כשל""פ",cakes_hard_cookies,whole_food_fat,11.8,E,whole_food_fat,11.8,E,0.0,False,False,False
7290105961525,שוקולד ספלנדיד מריר 85%,chocolate_tablets,snack_bar_granola,43.3,D,snack_bar_granola,43.3,D,0.0,False,False,False
7290105964564,חומוס,hummus,sauce_spread,53.9,C,sauce_spread,53.9,C,0.0,False,False,False
7290106520905,סלט טורקי,hummus,default,44.1,D,default,44.1,D,0.0,False,False,False
7290106571921,עוגיות פיטנס חמוציות 180 גרם פיטנס,cookies_coffee,biscuit,28.0,E,biscuit,28.0,E,0.0,False,False,False
7290106571945,עוגיות קקאו דגנים מלאים עם נטיפי שוקולד מריר פיטנס 180 גרם פ,cookies_coffee,snack_bar_granola,32.2,E,snack_bar_granola,32.2,E,0.0,False,False,False
7290106573598,חומוס לבנוני צבר,hummus,sauce_spread,50.7,C,sauce_spread,50.7,C,0.0,False,False,False
7290106573628,חומוס עם טחינה צבר,hummus,sauce_spread,48.4,D,sauce_spread,48.4,D,0.0,False,False,False
7290106573642,חומוס צנובר צבר,hummus,sauce_spread,52.7,C,sauce_spread,52.7,C,0.0,False,False,False
7290106573819,חומוס אבו גוש+צנובר+חריף,hummus,sauce_spread,49.8,D,sauce_spread,49.8,D,0.0,False,False,False
7290106576513,חומוס מסעדה,hummus,sauce_spread,54.0,C,sauce_spread,54.0,C,0.0,False,False,False
7290106576537,חומוס מסעדה צבר,hummus,sauce_spread,51.0,C,sauce_spread,51.0,C,0.0,False,False,False
7290106577480,חציל על האש בטחינה,hummus,sauce_spread,28.9,E,sauce_spread,28.9,E,0.0,False,False,False
7290106577572,מטבוחה אמיתית,hummus,sauce_spread,37.8,D,sauce_spread,37.8,D,0.0,False,False,False
7290106578821,עוגת שמרים שוקולד,cakes_hard_cookies,snack_bar_granola,14.9,E,snack_bar_granola,14.9,E,0.0,False,False,False
7290106651265,פסק זמן קלאסי מגדים,chocolate_bars,snack_bar_granola,19.7,E,snack_bar_granola,19.7,E,0.0,False,False,False
7290106656727,עוגיות חיוכים שוקולד,cookies_coffee,snack_bar_granola,14.6,E,biscuit,15.4,E,0.8,True,False,True
7290106771161,גרנולה מייפל פקאן,granola,,,,,,,0.0,False,False,False
7290106771314,גרנולה אגוזים חמוציות,granola,,,,,,,0.0,False,False,False
7290106771369,גרנולה לוז וקינמון,granola,,,,,,,0.0,False,False,False
7290106773714,גרנולה מיקס קראנץ' מלוח,granola,,,,,,,0.0,False,False,False
7290107647731,דגני בוקר קוקומן חום לבן,cereals,cereal,54.3,C,cereal,54.3,C,0.0,False,False,False
7290107647854,דגני בוקר שוגי,cereals,cereal,46.8,D,cereal,46.8,D,0.0,False,False,False
7290107932134,חלב בבקבוק 1% מועשר- מהדרין,milk,dairy_protein,55.5,C,dairy_protein,55.5,C,0.0,False,False,False
7290107955782,"טבלת שוקולד מריר ללת""ס",chocolate_tablets,snack_bar_granola,36.9,D,snack_bar_granola,36.9,D,0.0,False,False,False
7290107958639,מטבוחה חריפה אש,hummus,sauce_spread,45.7,D,sauce_spread,45.7,D,0.0,False,False,False
7290107971522,חטיף בוטנים ושקדים קראנצ,snacks,snack_bar_granola,26.0,E,snack_bar_granola,26.0,E,0.0,False,False,False
7290108501346,גבינת גאודה מגורדת 28% יורו צ'יז 500 גרם,hard_cheeses,,,,,,,0.0,False,False,False
7290108502541,גבינת שמנת טבעי 18%,cheese,dairy_protein,41.0,D,dairy_protein,41.0,D,0.0,False,False,False
7290108502725,פרוסות גבינת גאודה 28% יורו צ'יז 400 גרם,hard_cheeses,,,,,,,0.0,False,False,False
7290108503999,פרוסות גבינה מותכת 13% בטעם גאודה יורו צ'יז 150 גרם,hard_cheeses,,,,,,,0.0,False,False,False
7290108504378,גבינת שמנת עם זיתים 20%,cheese,dairy_protein,50.9,C,dairy_protein,50.9,C,0.0,False,False,False
7290108506624,גבינת עזים 32% שומן,cheese,dairy_protein,55.0,C,dairy_protein,55.0,C,0.0,False,False,False
7290108509106,קוביות בולגרית מעודנת 13% — יורו מחלבות אירופה,brined_cheeses,dairy_protein,55.0,C,dairy_protein,55.0,C,0.0,False,False,False
7290108509755,גבינת חלומי 23% — יורו מחלבות אירופה,brined_cheeses,dairy_protein,55.0,C,dairy_protein,55.0,C,0.0,False,False,False
7290109354972,פתי בר ללא גלוטן קלאסי — אסם,cookies_coffee,biscuit,10,E,biscuit,10,E,0.0,False,False,False
7290109354996,פתי בר ללא גלוטן שוקו — אסם,cookies_coffee,biscuit,10.7,E,biscuit,10.7,E,0.0,False,False,False
7290110114886,סחוט קלמנטינה 2 ליטר,juices,default,85,A,default,85,A,0.0,False,False,False
7290110320867,גבינת עמק מגורדת 28% 500 גרם,hard_cheeses,,,,,,,0.0,False,False,False
7290110321277,קוטג' בקטנה 5%,cheese,dairy_protein,65.1,B,dairy_protein,65.1,B,0.0,False,False,False
7290110323301,פרוסות גבינת טל העמק 32% בסגנון אמנטל 200 גרם,hard_cheeses,,,,,,,0.0,False,False,False
7290110324872,פרוסות גבינת גלבוע 5% 200 גרם,hard_cheeses,,,,,,,0.0,False,False,False
7290110324926,משקה סויה ללא תוספת סוכר,milk,beverage,56.7,C,beverage,56.7,C,0.0,False,False,False
7290110325619,משקה שיבולת שועל,milk,beverage,47.6,D,beverage,47.6,D,0.0,False,False,False
7290110557478,חומוס גלילי,hummus,sauce_spread,54.4,C,sauce_spread,54.4,C,0.0,False,False,False
7290110564360,חומוס עשיר ב40% טחינה,hummus,sauce_spread,53.9,C,sauce_spread,53.9,C,0.0,False,False,False
7290110571405,מיני פינוקיות פסק זמן,chocolate_bars,snack_bar_granola,16.0,E,snack_bar_granola,16.0,E,0.0,False,False,False
7290110579319,חומוס גלילי,hummus,sauce_spread,54.5,C,sauce_spread,54.5,C,0.0,False,False,False
7290110579463,שוקולד פרה חלב שברי אגוז,chocolate_tablets,snack_bar_granola,16.6,E,snack_bar_granola,16.6,E,0.0,False,False,False
7290111534010,עוגת גבינה שמנת ופירורים,cakes_hard_cookies,dairy_protein,18.5,E,dairy_protein,18.5,E,0.0,False,False,False
7290111563492,מטבוחה חריפה,hummus,sauce_spread,38.3,D,sauce_spread,38.3,D,0.0,False,False,False
7290112197443,שוקולד חלב,chocolate_tablets,snack_bar_granola,44.2,D,snack_bar_granola,44.2,D,0.0,False,False,False
7290112197467,שוקולד מריר,chocolate_tablets,snack_bar_granola,55.0,C,snack_bar_granola,55.0,C,0.0,False,False,False
7290112331984,שוקולד פרה קראנצ' בסקויט,chocolate_tablets,snack_bar_granola,21.8,E,snack_bar_granola,21.8,E,0.0,False,False,False
7290112340276,עוגיות קרם קפה נמס 200 גרם עלית,cookies_coffee,dessert,15.1,E,dessert,15.1,E,0.0,False,False,False
7290112342102,גבינה 5% בצל מקורמל,cheese,dairy_protein,40.8,D,dairy_protein,40.8,D,0.0,False,False,False
7290112348548,שוקולד פרה לבן,chocolate_tablets,snack_bar_granola,12.2,E,snack_bar_granola,12.2,E,0.0,False,False,False
7290112494283,קליק חום לבן,chocolate_bars,snack_bar_granola,14.7,E,snack_bar_granola,14.7,E,0.0,False,False,False
7290112495433,דגני בוקר דליפקאן,cereals,cereal,43.0,D,cereal,43.0,D,0.0,False,False,False
7290112497994,גרנולה פרוטאין+אגוזים,granola,,,,,,,0.0,False,False,False
7290112498007,גרנולה חלבון שקד+חמוציות,granola,,,,,,,0.0,False,False,False
7290112913487,חטיף חלבון קרם אגוזים,protein_combined,snack_bar_granola,28.0,E,snack_bar_granola,28.0,E,0.0,False,False,False
7290112914699,שוקולד חלב וקרמל מלוח,chocolate_tablets,snack_bar_granola,14.0,E,snack_bar_granola,14.0,E,0.0,False,False,False
7290112915351,חטיף חלבון קרמל מלוח,protein_combined,snack_bar_granola,25.6,E,snack_bar_granola,25.6,E,0.0,False,False,False
7290112915382,חטיף חלבון שוקולד דובאי,protein_combined,snack_bar_granola,23.6,E,snack_bar_granola,23.6,E,0.0,False,False,False
7290112961754,עוגיות שוקוציפס קרם אגוז,cookies_coffee,whole_food_fat,17.3,E,whole_food_fat,17.3,E,0.0,False,False,False
7290112968685,חומוס גרגרים בתטבילה,hummus,sauce_spread,48.8,D,sauce_spread,48.8,D,0.0,False,False,False
7290114310918,קוטג' 5%,cheese,dairy_protein,63.5,C,dairy_protein,63.5,C,0.0,False,False,False
7290114311472,גבינה לבנה 5% מהדרין,cheese,dairy_protein,67.0,B,dairy_protein,67.0,B,0.0,False,False,False
7290114312486,בולגרית שום+עשבי תיבול 16% — משק צוריאל,brined_cheeses,dairy_protein,54.0,C,dairy_protein,54.0,C,0.0,False,False,False
7290114312707,בולגרית מעודנת 16% — משק צוריאל,brined_cheeses,dairy_protein,54.0,C,dairy_protein,54.0,C,0.0,False,False,False
7290114313865,חלב נטול לקטוז מועשר בחלבון 2% שומן 1 ליטר,milk,snack_bar_granola,71.0,B,snack_bar_granola,71.0,B,0.0,False,False,False
7290114314015,בולגרית 24% — משק צוריאל,brined_cheeses,dairy_protein,55.0,C,dairy_protein,55.0,C,0.0,False,False,False
7290115202434,חומוס עם זעתר,hummus,sauce_spread,50.4,C,sauce_spread,50.4,C,0.0,False,False,False
7290115202687,חומוס עם חריף,hummus,sauce_spread,47.3,D,sauce_spread,47.3,D,0.0,False,False,False
7290115206333,עוגיות מיני שוקוצ'יפס,cookies_coffee,biscuit,14.8,E,biscuit,14.8,E,0.0,False,False,False
7290115207484,חציל על האש,hummus,sauce_spread,41.9,D,sauce_spread,41.9,D,0.0,False,False,False
7290116531748,"קליק שוקו מיקס כשל""פ",chocolate_bars,snack_bar_granola,15.1,E,snack_bar_granola,15.1,E,0.0,False,False,False
7290116532011,חטיף קליק נוגט,chocolate_bars,snack_bar_granola,15.4,E,snack_bar_granola,15.4,E,0.0,False,False,False
7290116532042,"קליק כריות נוגט כשל""פ",chocolate_bars,snack_bar_granola,15.1,E,snack_bar_granola,15.1,E,0.0,False,False,False
7290116534442,חטיף שוקולד קרם חלבי,chocolate_bars,snack_bar_granola,12.9,E,snack_bar_granola,12.9,E,0.0,False,False,False
7290116534619,גרנולה פרוטאין+שוקולד,granola,,,,,,,0.0,False,False,False
7290116536774,קליק אין קרם נוגט,chocolate_bars,snack_bar_granola,17.4,E,snack_bar_granola,17.4,E,0.0,False,False,False
7290116536781,קליק אין קרם חלבי,chocolate_bars,snack_bar_granola,17.6,E,snack_bar_granola,17.6,E,0.0,False,False,False
7290116537375,קליק כריות,chocolate_bars,snack_bar_granola,15.0,E,snack_bar_granola,15.0,E,0.0,False,False,False
7290116931241,קוטג' 12% שומן,cheese,dairy_protein,49.0,D,dairy_protein,49.0,D,0.0,False,False,False
7290116931524,פרוסות גאודה עמק 200 גרם,hard_cheeses,,,,,,,0.0,False,False,False
7290116931982,גבינת שמנת עם עירית 25%,cheese,dairy_protein,41.6,D,dairy_protein,41.6,D,0.0,False,False,False
7290116932644,גבינת שמנת 25% עם זעתר,cheese,dairy_protein,40.5,D,dairy_protein,40.5,D,0.0,False,False,False
7290116933078,גבינת שמנת+פלפל פיקנטי,cheese,dairy_protein,41.4,D,dairy_protein,41.4,D,0.0,False,False,False
7290116934280,גבינה לבנה 5%+שמיר ושום,cheese,dairy_protein,67.3,B,dairy_protein,67.3,B,0.0,False,False,False
7290116934365,נפוליאון 16% שום שמיר,cheese,dairy_protein,55.8,C,dairy_protein,55.8,C,0.0,False,False,False
7290116935409,גבינת שמנת מוקצפת 25%,cheese,dairy_protein,41.6,D,dairy_protein,41.6,D,0.0,False,False,False
7290116936116,משקה סויה ללא סוכרים 1 ליטר,milk,beverage,63.9,C,beverage,63.9,C,0.0,False,False,False
7290116936604,גבינת שמנת עשבי תיבול25%,cheese,dairy_protein,43.2,D,dairy_protein,43.2,D,0.0,False,False,False
7290117265888,גבינת גאודה מגורדת יוחננוף 400 גרם,hard_cheeses,,,,,,,0.0,False,False,False
7290117265918,גבינת גאודה פרוסות יוחננוף 400 גרם,hard_cheeses,,,,,,,0.0,False,False,False
7290117384572,חטיף חלבון קרם עוגיות,protein_combined,,,,,,,0.0,False,False,False
7290117384589,חטיף חלבון קרמל מלוח,protein_combined,snack_bar_granola,50.9,C,snack_bar_granola,50.9,C,0.0,False,False,False
7290117384596,חטיף חלבון פאי קינמון,protein_combined,snack_bar_granola,50.9,C,snack_bar_granola,50.9,C,0.0,False,False,False
7290118422617,קרמוגית קראנץ קרם וניל עוגיות 200 גרם קרמוגית,cookies_coffee,dessert,33.7,E,dessert,33.7,E,0.0,False,False,False
7290118423904,קרמוגית קראנץ שוקו וניל עוגיות 200 גרם קרמוגית,cookies_coffee,biscuit,34.2,E,biscuit,34.2,E,0.0,False,False,False
7290118426615,עוגיות מיני שוקולד,cookies_coffee,snack_bar_granola,27.1,E,snack_bar_granola,27.1,E,0.0,False,False,False
7290119030095,"עוגת גבינה אפויה ללת""ס",cakes_hard_cookies,dairy_protein,50.5,C,dairy_protein,50.5,C,0.0,False,False,False
7290119039746,עוגת פס דובוש דולצ'ה,cakes_hard_cookies,default,26.1,E,default,26.1,E,0.0,False,False,False
7290119040179,עוגיות פרח עם ריבת תות — VOILA,cookies_coffee,biscuit,12.5,E,biscuit,12.5,E,0.0,False,False,False
7290119040605,עוגיות נסיכה בטעם תות,cookies_coffee,biscuit,15.2,E,biscuit,15.2,E,0.0,False,False,False
7290119040650,עוגיות נסיכה מיקס,cookies_coffee,biscuit,15.2,E,biscuit,15.2,E,0.0,False,False,False
7290119040803,עוגיות קינמון מסוכרות — לה פזואלוס,cookies_coffee,biscuit,19.8,E,biscuit,19.8,E,0.0,False,False,False
7290119040858,עוגיות מקלות עלים,cookies_coffee,biscuit,19.8,E,biscuit,19.8,E,0.0,False,False,False
7290119041053,עוגיות סגנון מרוקאי — VOILA,cookies_coffee,biscuit,37.6,D,biscuit,37.6,D,0.0,False,False,False
7290119041107,עוגיות מרוקאיות עגול — VOILA,cookies_coffee,biscuit,37.6,D,biscuit,37.6,D,0.0,False,False,False
7290119041152,עוגיות ריפ'את — VOILA,cookies_coffee,biscuit,37.6,D,biscuit,37.6,D,0.0,False,False,False
7290119041206,עוגיות קוואקר — VOILA,cookies_coffee,biscuit,21.5,E,biscuit,21.5,E,0.0,False,False,False
7290119041350,"עוגיות קוואקר ללת""ס — VOILA",cookies_coffee,biscuit,21.5,E,biscuit,21.5,E,0.0,False,False,False
7290119042302,עוגת דבש,cakes_hard_cookies,whole_food_fat,17.8,E,whole_food_fat,17.8,E,0.0,False,False,False
7290119043095,עוגיות שיבולת שועל — לה פזואלוס,cookies_coffee,biscuit,21.5,E,biscuit,21.5,E,0.0,False,False,False
7290119043149,עוגיות בטעם חמאה,cookies_coffee,biscuit,55.0,C,biscuit,55.0,C,0.0,False,False,False
7290119043743,עוגיות מרוקאיות — לה פזואלוס,cookies_coffee,biscuit,48.7,D,biscuit,48.7,D,0.0,False,False,False
7290119043798,עוגיות אוזניות — לה פזואלוס,cookies_coffee,biscuit,26.7,E,biscuit,26.7,E,0.0,False,False,False
7290119043897,עוגיות רולדה תמרים,cookies_coffee,biscuit,17.4,E,biscuit,17.4,E,0.0,False,False,False
7290119045013,עוגת גבינה אפויה,cakes_hard_cookies,dairy_protein,32.0,E,dairy_protein,32.0,E,0.0,False,False,False
7290119371112,חטיף חלבון קרמל ואגוזים,protein_combined,snack_bar_granola,41.0,D,snack_bar_granola,41.0,D,0.0,False,False,False
7290119371129,חטיף חלבון שוקולד עוגיות,protein_combined,,,,,,,0.0,False,False,False
7290119373710,חומוס מועשר 40% עם חריף,hummus,sauce_spread,49.7,D,sauce_spread,49.7,D,0.0,False,False,False
7290119374885,חומוס עם חציל פיקנטי,hummus,sauce_spread,42.7,D,sauce_spread,42.7,D,0.0,False,False,False
7290119374892,חומוס עם מלא מטבוחה חריף,hummus,sauce_spread,50.1,C,sauce_spread,50.1,C,0.0,False,False,False
7290119375219,גבינה 5% עם תבלין בייגלס,cheese,dairy_protein,46.5,D,dairy_protein,46.5,D,0.0,False,False,False
7290119383153,פרו חטיף חלבון שקד וקשיו,protein_bars,snack_bar_granola,47.0,D,snack_bar_granola,47.0,D,0.0,False,False,False
7290119383160,פרו חטיף חלבון שוקו קרמל,protein_bars,snack_bar_granola,41.0,D,snack_bar_granola,41.0,D,0.0,False,False,False
7290119385560,"משקה סויה בריסטה אלפרו 500 מ""ל",milk,beverage,49.9,D,beverage,49.9,D,0.0,False,False,False
7290119387434,חומוס ישראלי,hummus,sauce_spread,53.7,C,sauce_spread,53.7,C,0.0,False,False,False
7290119500383,טוסו שוקולד חלב,chocolate_tablets,snack_bar_granola,43.9,D,snack_bar_granola,43.9,D,0.0,False,False,False
7290119500437,טוסו שוקולד מריר,chocolate_tablets,snack_bar_granola,48.2,D,snack_bar_granola,48.2,D,0.0,False,False,False
7290119500482,טוסו שוקולד מריר 62%,chocolate_tablets,snack_bar_granola,50.5,C,snack_bar_granola,50.5,C,0.0,False,False,False
7290121160582,חטיף חלבון חמאת בוטנים,protein_combined,snack_bar_granola,46.5,D,snack_bar_granola,46.5,D,0.0,False,False,False
7290121161886,חטיף חלבון בננה שוקולד,protein_combined,snack_bar_granola,47.8,D,snack_bar_granola,47.8,D,0.0,False,False,False
7290121161916,חטיף חלבון טריפל שוקולד,protein_combined,snack_bar_granola,46.9,D,snack_bar_granola,46.9,D,0.0,False,False,False
7290121161930,חטיף חלבון טעם בננה טופי,protein_combined,snack_bar_granola,46.6,D,snack_bar_granola,46.6,D,0.0,False,False,False
7290121166850,חטיף חלבון וניל קראנץ',protein_combined,snack_bar_granola,51.9,C,snack_bar_granola,51.9,C,0.0,False,False,False
7290122780314,חומוס אבו מרוואן26%טחינה,hummus,sauce_spread,50.8,C,sauce_spread,50.8,C,0.0,False,False,False
7290122781359,מיני עוגיות קלאסי פיטנס 80 גרם פיטנס,cookies_coffee,biscuit,53.4,C,biscuit,53.4,C,0.0,False,False,False
7290123330280,עוגת שמרים בטעם שוקולד,cakes_hard_cookies,snack_bar_granola,10.5,E,snack_bar_granola,10.5,E,0.0,False,False,False
7290123330334,עוגת שמרים בריוש שוקולד,cakes_hard_cookies,snack_bar_granola,10.5,E,snack_bar_granola,10.5,E,0.0,False,False,False
7290123330488,"עוגיות בוטנים כשל""פ — לה פזואלוס",cookies_coffee,biscuit,23.3,E,biscuit,23.3,E,0.0,False,False,False
7290123330884,"עוגה בטעם שוקולד כשל""פ — קקאו",cakes_hard_cookies,snack_bar_granola,11.8,E,snack_bar_granola,11.8,E,0.0,False,False,False
7290123331034,"עוגה בטעם שוקולד כשל""פ — נטיפים",cakes_hard_cookies,snack_bar_granola,10,E,snack_bar_granola,10,E,0.0,False,False,False
72917329,חטיף שוקולד אגוזי,chocolate_bars,snack_bar_granola,14.6,E,snack_bar_granola,14.6,E,0.0,False,False,False
72917367,חטיף שוקולד טעמי,chocolate_bars,snack_bar_granola,14.4,E,snack_bar_granola,14.4,E,0.0,False,False,False
72918388,חטיף שוקולד טוויסט,chocolate_bars,snack_bar_granola,10.8,E,snack_bar_granola,10.8,E,0.0,False,False,False
7296073132936,עוגת מאפין שיש,cakes_hard_cookies,whole_food_fat,14.2,E,whole_food_fat,14.2,E,0.0,False,False,False
7296073132943,עוגת מאפין בטעם שוקולד,cakes_hard_cookies,snack_bar_granola,11.4,E,snack_bar_granola,11.4,E,0.0,False,False,False
7296073132950,עוגת מאפין שוקולד צ'יפס,cakes_hard_cookies,snack_bar_granola,11.7,E,snack_bar_granola,11.7,E,0.0,False,False,False
7296073134442,קרקר פריך עם קמח שיפון,bread,cracker,70.0,B,cracker,70.0,B,0.0,False,False,False
7296073134459,קרקר פריך בסגנון שוודי,bread,cracker,70.9,B,cracker,70.9,B,0.0,False,False,False
7296073140184,עוגת מאפין תפוז — לה פזואלוס,cakes_hard_cookies,whole_food_fat,13.6,E,whole_food_fat,13.6,E,0.0,False,False,False
7296073161981,עוגיות במילוי קרם שוקולד,cookies_coffee,snack_bar_granola,15.7,E,snack_bar_granola,15.7,E,0.0,False,False,False
7296073162001,עוגיות במילוי קרם אגוזים,cookies_coffee,whole_food_fat,20.7,E,whole_food_fat,20.7,E,0.0,False,False,False
7296073346333,עוגות אישיות קרם חלב,cakes_hard_cookies,dessert,16.1,E,dessert,16.1,E,0.0,False,False,False
7296073346340,עוגות אישיות קרם שוקולד,cakes_hard_cookies,snack_bar_granola,37.0,D,snack_bar_granola,37.0,D,0.0,False,False,False
7296073382416,שוקולד מריר 90%,chocolate_tablets,snack_bar_granola,55.0,C,snack_bar_granola,55.0,C,0.0,False,False,False
7296073431817,עוגת קרנץ' שוקולד,cakes_hard_cookies,snack_bar_granola,11.4,E,snack_bar_granola,11.4,E,0.0,False,False,False
7296073431879,עוגת מאפין שוקו צ'יפס,cakes_hard_cookies,snack_bar_granola,12.0,E,snack_bar_granola,12.0,E,0.0,False,False,False
7296073431893,עוגת מאפין אגוזים עם ציפוי — שופרסל,cakes_hard_cookies,whole_food_fat,14.4,E,whole_food_fat,14.4,E,0.0,False,False,False
7296073431909,עוגת מאפין תפוח עץ,cakes_hard_cookies,snack_bar_granola,12.4,E,snack_bar_granola,12.4,E,0.0,False,False,False
7296073431916,עוגת מאפין בטעם תפוז,cakes_hard_cookies,snack_bar_granola,11.4,E,snack_bar_granola,11.4,E,0.0,False,False,False
7296073451969,ממרח פלפלים קלויים,hummus,sauce_spread,40.7,D,sauce_spread,40.7,D,0.0,False,False,False
7296073453123,גבינת שמנת 30% שומן,cheese,dairy_protein,46.1,D,dairy_protein,46.1,D,0.0,False,False,False
7296073453840,קוקיס שבבי שוקולד חלבי,cookies_coffee,snack_bar_granola,33.1,E,snack_bar_granola,33.1,E,0.0,False,False,False
7296073453857,קוקיס שוקולד לבן חלבי,cookies_coffee,snack_bar_granola,32.7,E,snack_bar_granola,32.7,E,0.0,False,False,False
7296073473664,עוגת שוקולד ללא גלוטן,cakes_hard_cookies,snack_bar_granola,10,E,snack_bar_granola,10,E,0.0,False,False,False
7296073473688,עוגת שוקוציפס ללא גלוטן,cakes_hard_cookies,snack_bar_granola,10,E,snack_bar_granola,10,E,0.0,False,False,False
7296073529019,קוקיס שוקולד מריר חלבי,cookies_coffee,snack_bar_granola,16.7,E,snack_bar_granola,16.7,E,0.0,False,False,False
7296073529026,קוקיס שוקו+שבבי שוקולד,cookies_coffee,snack_bar_granola,16.7,E,snack_bar_granola,16.7,E,0.0,False,False,False
7296073641902,פטה כבשים 20% — שופרסל,brined_cheeses,dairy_protein,55.0,C,dairy_protein,55.0,C,0.0,False,False,False
7296073641919,חלומי בקר 24% — שופרסל,brined_cheeses,dairy_protein,55.0,C,dairy_protein,55.0,C,0.0,False,False,False
7296073641940,בולגרית מסורתית 5% — שופרסל,brined_cheeses,dairy_protein,72.0,B,dairy_protein,72.0,B,0.0,False,False,False
7296073641957,בולגרית מסורתית 16% — שופרסל,brined_cheeses,dairy_protein,55.0,C,dairy_protein,55.0,C,0.0,False,False,False
7296073641964,בולגרית מעודנת 5% — שופרסל,brined_cheeses,dairy_protein,66.9,B,dairy_protein,66.9,B,0.0,False,False,False
7296073642022,"דגני בוקר טבעות דבש לל""ג",cereals,cereal,41.8,D,cereal,41.8,D,0.0,False,False,False
7296073642046,קורנפלקס ללא גלוטן,cereals,cereal,55.4,C,cereal,55.4,C,0.0,False,False,False
7296073659969,עוגיות חיות שוקו,cookies_coffee,biscuit,15.2,E,biscuit,15.2,E,0.0,False,False,False
7296073705550,כדורי דגנים טעם שוקו,cereals,cereal,46.0,D,cereal,46.0,D,0.0,False,False,False
7296073705567,טבעות דגנים בטעם דבש,cereals,cereal,46.0,D,cereal,46.0,D,0.0,False,False,False
7296073705574,ריבועי דגנים עם קינמון,cereals,cereal,36.8,D,cereal,36.8,D,0.0,False,False,False
7296073725367,סלט חומוס+מסבחה,hummus,sauce_spread,52.6,C,sauce_spread,52.6,C,0.0,False,False,False
7296073725374,סלט חומוס עם טחינה,hummus,sauce_spread,52.9,C,sauce_spread,52.9,C,0.0,False,False,False
7296073725381,חומוס אבו גוש,hummus,sauce_spread,54.9,C,sauce_spread,54.9,C,0.0,False,False,False
7296073725398,חומוס מסבחה,hummus,sauce_spread,48.5,D,sauce_spread,48.5,D,0.0,False,False,False
7296073725404,חומוס מסעדות,hummus,sauce_spread,66.9,B,sauce_spread,66.9,B,0.0,False,False,False
7296073725497,סלט חצילים על האש,hummus,sauce_spread,46.8,D,sauce_spread,46.8,D,0.0,False,False,False
7296073725510,סלט מטבוחה פיקנטי,hummus,sauce_spread,36.6,D,sauce_spread,36.6,D,0.0,False,False,False
7296073725565,חומוס אסלי,hummus,sauce_spread,55.6,C,sauce_spread,55.6,C,0.0,False,False,False
7296073725589,חומוס,hummus,sauce_spread,55.6,C,sauce_spread,55.6,C,0.0,False,False,False
7296073725633,מטבוחה פיקנטית,hummus,sauce_spread,36.6,D,sauce_spread,36.6,D,0.0,False,False,False
7296073725640,מעדן חצילים,hummus,sauce_spread,36.0,D,sauce_spread,36.0,D,0.0,False,False,False
7296073726562,"שוקולד מריר ללת""ס 72%",chocolate_tablets,snack_bar_granola,51.0,C,snack_bar_granola,51.0,C,0.0,False,False,False
7296073747802,שוקולד מריר פרימיום 75%,chocolate_tablets,snack_bar_granola,32.0,E,snack_bar_granola,32.0,E,0.0,False,False,False
7296073747819,שוקולד מריר פרימיום 81%,chocolate_tablets,snack_bar_granola,40.0,D,snack_bar_granola,40.0,D,0.0,False,False,False
72968,דגני בוקר סיני מיניס,cereals,cereal,55.0,C,cereal,55.0,C,0.0,False,False,False
7297488098688,"פצפוצי אורז ללת""ס",cereals,cereal,67.3,B,cereal,67.3,B,0.0,False,False,False
7297488199590,פצפוצי אורז תפוח,cereals,cereal,59.0,C,cereal,59.0,C,0.0,False,False,False
72991008,שוקולד פסק זמן קלאסי,chocolate_bars,snack_bar_granola,19.7,E,snack_bar_granola,19.7,E,0.0,False,False,False
7394376619939,משקה בריסטה שיבולת שועל,milk,beverage,49.8,D,beverage,49.8,D,0.0,False,False,False
7394376620904,משקה שיבולת שועל ללא סוכר,milk,beverage,50.5,C,beverage,50.5,C,0.0,False,False,False
7394376621451,משקה בריסטה שיבולת שועל להקצפה,milk,beverage,49.8,D,beverage,49.8,D,0.0,False,False,False
74184,פתי בר קלאסי — אסם,cookies_coffee,biscuit,21.4,E,biscuit,21.4,E,0.0,False,False,False
74252,קרקר שומשום אסם,bread,cracker,56.4,C,cracker,56.4,C,0.0,False,False,False
7610008641001,טבלת טורינו חלב,chocolate_tablets,snack_bar_granola,19.4,E,snack_bar_granola,19.4,E,0.0,False,False,False
7610400075770,שוק.לינדט מריר אגוזי לוז,chocolate_tablets,snack_bar_granola,32.0,E,snack_bar_granola,32.0,E,0.0,False,False,False
7613030979647,טריקס דגנים בטעם פירות,cereals,cereal,32.2,E,cereal,32.2,E,0.0,False,False,False
7613035622623,גרנולה דבש פיטנס,granola,,,,,,,0.0,False,False,False
7613035635845,גרנולה שוקולד פיטנס,granola,,,,,,,0.0,False,False,False
7613037012095,גרנולה שוקולד קינואה,granola,,,,,,,0.0,False,False,False
7614500010013,טובלרון חלב 100 גרם,chocolate_tablets,snack_bar_granola,14.8,E,snack_bar_granola,14.8,E,0.0,False,False,False
7614500010617,טובלרון מריר,chocolate_tablets,snack_bar_granola,17.4,E,snack_bar_granola,17.4,E,0.0,False,False,False
7622201139278,גבינת שמנת 25% פילדלפיה,cheese,dairy_protein,44.9,D,dairy_protein,44.9,D,0.0,False,False,False
7622201401900,עוגיות מילקה סנסיישן אוראו 156 גרם מילקה,cookies_coffee,snack_bar_granola,13.5,E,biscuit,15.2,E,1.7,True,False,True
7622201521493,פילדלפיה שום+ע.תיבול 12%,cheese,dairy_protein,43.5,D,dairy_protein,43.5,D,0.0,False,False,False
7622201798154,גבינת פילדלפיה לייט 13%,cheese,dairy_protein,55.0,C,dairy_protein,55.0,C,0.0,False,False,False
7622201809188,ביסקוויט מילקה,cookies_coffee,snack_bar_granola,14.0,E,snack_bar_granola,14.0,E,0.0,False,False,False
7622202257506,מילקה אקסטרה קקאו,chocolate_tablets,snack_bar_granola,16.0,E,snack_bar_granola,16.0,E,0.0,False,False,False
7622202265648,שוקולד לבן מילקה,chocolate_tablets,snack_bar_granola,14.1,E,snack_bar_granola,14.1,E,0.0,False,False,False
7622210137234,עוגיות אוראו דאבל קרם וניל אוראו,cookies_coffee,dessert,16.0,E,dessert,16.0,E,0.0,False,False,False
7622210453327,עוגיות מילקה סנסיישן 156 גרם מילקה,cookies_coffee,snack_bar_granola,10.5,E,snack_bar_granola,10.5,E,0.0,False,False,False
7622300356767,עוגיות שוקולד צ'יפס,cookies_coffee,snack_bar_granola,15.8,E,snack_bar_granola,15.8,E,0.0,False,False,False
7622300489427,עוגיות אוראו בציפוי שוקולד לבן 246 גרם אוראו,cookies_coffee,snack_bar_granola,16.5,E,snack_bar_granola,16.5,E,0.0,False,False,False
7622300489434,עוגיות אוראו בציפוי שוקולד חלב 246 גרם אוראו,cookies_coffee,snack_bar_granola,15.3,E,snack_bar_granola,15.3,E,0.0,False,False,False
8000215204219,משקה אורז אורגני,milk,beverage,46.3,D,beverage,46.3,D,0.0,False,False,False
8000215204554,משקה אורז קוקוס אורגני,milk,beverage,48.1,D,beverage,48.1,D,0.0,False,False,False
8000500366073,ביסקוויט נוטלה,cookies_coffee,biscuit,16.2,E,biscuit,16.2,E,0.0,False,False,False
80083665,עוגיות אורגניות+שוקולד — גנדולה,cookies_coffee,snack_bar_granola,25.2,E,biscuit,26.7,E,1.5,True,False,True
80083764,עוגיות דגנים עם ש.שועל,cookies_coffee,snack_bar_granola,55.0,C,snack_bar_granola,55.0,C,0.0,False,False,False
8008698037171,עוגיות חמאה ללא גלוטן — שר,cookies_coffee,biscuit,22.8,E,biscuit,22.8,E,0.0,False,False,False
8410076610379,נייטשר פרוטאין שוקולד,protein_combined,snack_bar_granola,35.0,D,snack_bar_granola,35.0,D,0.0,False,False,False
8410076610386,נייטשר פרוטאין קרמל מלוח,protein_combined,snack_bar_granola,37.0,D,snack_bar_granola,37.0,D,0.0,False,False,False
8410076610492,חטיף בוטנים ושיבולת שועל,snacks,snack_bar_granola,21.5,E,snack_bar_granola,21.5,E,0.0,False,False,False
8410076610508,חטיף בוטנים עם שוקולד,snacks,snack_bar_granola,22.2,E,snack_bar_granola,22.2,E,0.0,False,False,False
8410376037784,עוגיות סנדוויץ' שוקולד גולון,cookies_coffee,snack_bar_granola,28.6,E,biscuit,30.1,E,1.5,True,False,True
8410376075915,"עוגיות+שבבי שוקולד לל""ג",cookies_coffee,snack_bar_granola,26.1,E,biscuit,27.6,E,1.5,True,False,True
8423207208680,חטיף קידס שוקולד חלב,snacks,snack_bar_granola,21.8,E,snack_bar_granola,21.8,E,0.0,False,False,False
8423207208703,חטיף דגנים שוקולד מריר · סלים דליס,snacks,snack_bar_granola,24.4,E,snack_bar_granola,24.4,E,0.0,False,False,False
8434165658523,קרקר קרם קרקר,bread,cracker,66.1,B,cracker,66.1,B,0.0,False,False,False
8445291638839,צ'יריוס טעם דבש ושקדים,cereals,cereal,42.5,D,cereal,42.5,D,0.0,False,False,False
8644112,סלט מטבוחה יום יום,hummus,sauce_spread,45.7,D,sauce_spread,45.7,D,0.0,False,False,False
8645935,חומוס,hummus,sauce_spread,53.7,C,sauce_spread,53.7,C,0.0,False,False,False
8710502064814,עוגיות שוקוצ'יפס מרקם רך,cookies_coffee,biscuit,11.2,E,biscuit,11.2,E,0.0,False,False,False
8710502139017,מרבה עוגיות טריפל שוקולד ציפס מרבה,cookies_coffee,snack_bar_granola,17.3,E,biscuit,18.1,E,0.8,True,False,True
8710502279010,עוג. שוקולד צ'יפס מצופות,cookies_coffee,snack_bar_granola,17.7,E,snack_bar_granola,17.7,E,0.0,False,False,False
8710502405204,מרבה עוגיות ממולאות קרם שוקולד מרבה,cookies_coffee,snack_bar_granola,17.4,E,snack_bar_granola,17.4,E,0.0,False,False,False
8710502470028,עוגיות שוקוצ'יפס נוגטלי,cookies_coffee,biscuit,15.5,E,biscuit,15.5,E,0.0,False,False,False
8711528211138,גבינת גאודה עיזים.,hard_cheeses,,,,,,,0.0,False,False,False
9397642,5עוגות מאפין בטעם שוקולד,cakes_hard_cookies,snack_bar_granola,12.6,E,snack_bar_granola,12.6,E,0.0,False,False,False
9397697,חמישיית מאפין שוקו צ'יפס,cakes_hard_cookies,snack_bar_granola,10,E,snack_bar_granola,10,E,0.0,False,False,False
9398281,מארז פיתות אסליות,bread,default,72.0,B,default,72.0,B,0.0,False,False,False
9399288,עוגת פס גבינה אפויה,cakes_hard_cookies,dairy_protein,25.1,E,dairy_protein,25.1,E,0.0,False,False,False
96086000577,קרקר כוסמין אורגני,bread,cracker,76.3,B,cracker,76.3,B,0.0,False,False,False
96086000966,קרקר כוסמין מלא ושומשום,bread,cracker,78.4,B,cracker,78.4,B,0.0,False,False,False
960860015432,"עוגיות ללת""ס מקמח מלא — אביבה",cookies_coffee,biscuit,46.0,D,biscuit,46.0,D,0.0,False,False,False
99804,עוגיות שוקולד לבן חלבי — שופרסל,cookies_coffee,snack_bar_granola,16.9,E,snack_bar_granola,16.9,E,0.0,False,False,False
