barcode,pool,score,grade,binding_cap,nova,fat_g,sodium_mg,context_flag,category,subtype
3126712,spoonable,71.1,B,94.8,3,3.5,45.0,,dairy_protein,
4068011,spoonable,85,A,,1,5.0,50.0,,dairy_protein,
4068172,spoonable,68.8,B,94.8,3,3.5,45.0,,dairy_protein,
408316,spoonable,79.3,B,,2,3.0,48.0,,dairy_protein,
408354,spoonable,63.1,C,72,3,4.2,50.0,,dairy_protein,
4119133,spoonable,72.4,B,,2,6.5,50.0,,dairy_protein,
43944,spoonable,74.7,B,,2,4.0,50.0,,dairy_protein,
45771,spoonable,74.5,B,,2,4.0,50.0,,dairy_protein,
4584528,spoonable,81.5,A,,2,1.7,48.0,,dairy_protein,
5416415,spoonable,75,B,,2,,33.0,,dairy_protein,
57132,spoonable,80.6,A,,2,1.5,65.0,,dairy_protein,
57149,spoonable,79.7,B,,2,3.0,50.0,,dairy_protein,
5839078,spoonable,79.6,B,,2,3.0,48.0,,dairy_protein,
6664693,spoonable,49.2,D,72,4,3.0,36.0,,dairy_protein,
6664990,spoonable,80.8,A,,2,1.7,48.0,,dairy_protein,
7290010471669,spoonable,37.3,D,68.0,4,3.8,55.0,,dairy_protein,
7290012645297,spoonable,75.3,B,,2,3.5,50.0,,dairy_protein,
7290014758100,spoonable,79.7,B,,2,3.0,50.0,,dairy_protein,
7290014758117,spoonable,78.4,B,94.8,3,1.5,65.0,,dairy_protein,
7290014890572,spoonable,74.6,B,,2,3.5,20.0,,dairy_protein,
7290014890589,spoonable,75.5,B,,2,8.0,44.0,,dairy_protein,
7290016606522,spoonable,76.4,B,,2,2.3,65.0,,dairy_protein,
7290017065588,spoonable,72.3,B,,2,10.0,50.0,,dairy_protein,
7290102390427,spoonable,39.0,D,68.0,4,3.0,55.0,,dairy_protein,
7290102390465,spoonable,38.7,D,68.0,4,3.0,55.0,,dairy_protein,
7290102390489,spoonable,40.4,D,68.0,4,3.0,90.0,,dairy_protein,
7290102391844,spoonable,38.4,D,68.0,4,3.0,50.0,,dairy_protein,
7290102393039,spoonable,43.7,D,68.0,4,4.6,45.0,,dairy_protein,
7290102393060,spoonable,62,C,94.8,3,3.1,50.0,,dairy_protein,
7290102393169,spoonable,42.4,D,68.0,4,3.0,40.0,,dairy_protein,
7290102393176,spoonable,43.6,D,68.0,4,3.0,40.0,,dairy_protein,
7290102393947,spoonable,43.5,D,68.0,4,3.0,40.0,,dairy_protein,
7290102394081,spoonable,51.0,C,68.0,4,3.9,55.0,,dairy_protein,
7290102395224,spoonable,75,B,,2,1.7,50.0,,dairy_protein,
7290102395231,spoonable,80.8,A,,2,2.8,45.0,,dairy_protein,
7290102397600,spoonable,58.4,C,87.2,4,4.5,40.0,,dairy_protein,
7290102397617,spoonable,53.6,C,87.2,4,4.1,50.0,,dairy_protein,
7290102399635,spoonable,36.3,D,60,4,3.9,40.0,,dairy_protein,
7290102399802,spoonable,56.9,C,68.0,4,1.6,40.0,,dairy_protein,
7290102399819,spoonable,55.0,C,68.0,4,1.6,40.0,,dairy_protein,
7290107936309,spoonable,76.6,B,,2,6.5,47.0,,dairy_protein,
7290107958035,spoonable,74.5,B,94.8,3,2.0,49.0,,dairy_protein,
7290110321031,spoonable,89.9,A,,2,2.0,69.0,,dairy_protein,
7290110321680,spoonable,59.8,C,68.0,4,2.0,60.0,,dairy_protein,
7290110321697,spoonable,61.0,C,68.0,4,2.0,58.0,,dairy_protein,
7290110321703,spoonable,57.5,C,68.0,4,2.0,59.0,,dairy_protein,
7290110323585,spoonable,64.0,C,68.0,4,0.5,61.0,,dairy_protein,
7290110323592,spoonable,65.0,B,68.0,4,0.4,60.0,,dairy_protein,
7290110328221,spoonable,79.4,B,94.8,3,3.0,50.0,,dairy_protein,
7290110328627,spoonable,64.0,C,68.0,4,0.0,30.0,,dairy_protein,
7290110328764,spoonable,64.0,C,68.0,4,0.0,30.0,,dairy_protein,
7290110328788,spoonable,65.0,B,68.0,4,0.0,30.0,,dairy_protein,
7290110329952,spoonable,64.0,C,68.0,4,0.4,31.0,,dairy_protein,
7290110558284,spoonable,82.6,A,,2,3.0,50.0,,dairy_protein,
7290110561352,spoonable,80.8,A,,2,3.0,48.0,,dairy_protein,
7290110565527,spoonable,90.6,S,,2,1.5,35.0,,dairy_protein,
7290110566975,spoonable,72.0,B,72,3,0.0,33.0,,dairy_protein,
7290110573713,spoonable,78.8,B,94.8,3,3.0,47.0,,dairy_protein,
7290110578053,spoonable,57.4,C,72,3,7.2,121.0,,dairy_protein,
7290110578572,spoonable,54.8,C,94.8,3,1.5,30.0,,dairy_protein,
7290112330352,spoonable,72.0,B,72,3,0.0,33.0,,dairy_protein,
7290112330390,spoonable,72.0,B,72,3,0.0,33.0,,dairy_protein,
7290112336712,spoonable,92.6,S,,2,0.0,35.0,,dairy_protein,
7290112341686,spoonable,79.0,B,,2,3.0,50.0,,dairy_protein,
7290112346629,spoonable,47.2,D,68.0,4,4.0,60.0,,dairy_protein,
7290112346797,spoonable,64.7,C,94.8,3,2.5,68.0,,dairy_protein,
7290114310406,spoonable,35.3,D,60,4,5.0,45.0,,dairy_protein,
7290114310536,spoonable,59.0,C,68.0,4,0.0,40.0,,dairy_protein,
7290114311069,spoonable,90.9,S,,2,0.0,45.0,,dairy_protein,
7290114311359,spoonable,39.0,D,68.0,4,3.0,55.0,,dairy_protein,
7290114312424,spoonable,37.6,D,60,4,3.8,50.0,,dairy_protein,
7290114312431,spoonable,37.0,D,60,4,3.1,40.0,,dairy_protein,
7290114313070,spoonable,35.1,D,60,4,5.0,35.0,,dairy_protein,
7290114314053,spoonable,45.5,D,68.0,4,3.0,40.0,,dairy_protein,
7290114314060,spoonable,41.4,D,68.0,4,3.0,40.0,,dairy_protein,
7290114314503,spoonable,37.3,D,60,4,3.0,55.0,,dairy_protein,
7290114314596,spoonable,69.2,B,87.2,4,5.0,50.0,,dairy_protein,
7290115678222,spoonable,76.9,B,,2,6.5,47.0,,dairy_protein,
7290116932484,spoonable,68.0,B,68.0,4,1.0,30.0,,dairy_protein,
7290116934402,spoonable,64.0,C,68.0,4,1.0,30.0,,dairy_protein,
7290116935614,spoonable,89.9,A,,2,2.0,72.0,,dairy_protein,
7290116935621,spoonable,65.0,B,68.0,4,1.9,68.0,,dairy_protein,
7290116936123,spoonable,64.0,C,68.0,4,1.0,31.0,,dairy_protein,
7290116936215,spoonable,58.4,C,68.0,4,,63.0,,dairy_protein,
7290116936222,spoonable,57.6,C,68.0,4,1.7,67.0,,dairy_protein,
7290116936581,spoonable,89.9,A,,2,2.0,33.0,,dairy_protein,
7290119370177,spoonable,68.0,B,68.0,4,0.0,38.0,,dairy_protein,
7290119370955,spoonable,68.0,B,68.0,4,0.0,38.0,,dairy_protein,
7290119372997,spoonable,68.0,B,68.0,4,0.0,38.0,,dairy_protein,
7290119377404,spoonable,67.2,B,68.0,4,2.0,54.0,,dairy_protein,
7290119377411,spoonable,72.0,B,72,3,2.0,49.0,,dairy_protein,
7290119377480,spoonable,78.6,B,94.8,3,3.7,88.0,,snack_bar_granola,
7290119380916,spoonable,58.5,C,94.8,3,1.5,30.0,,dairy_protein,
7290119384242,spoonable,68.0,B,68.0,4,0.0,77.0,,dairy_protein,
7290119385768,spoonable,82.0,A,94.8,3,7.0,155.0,,snack_bar_granola,
7290119386642,spoonable,65.6,B,94.8,3,3.0,52.0,,dairy_protein,
4068028,drinkable,52.3,C,72,3,3.5,280.0,,default,
4068035,drinkable,73.8,B,,2,3.0,170.0,,dairy_protein,
55329,drinkable,36.1,D,68.0,4,1.5,38.0,,dairy_protein,
55336,drinkable,36.6,D,68.0,4,1.5,39.0,,dairy_protein,
55343,drinkable,40.8,D,72,4,1.5,38.0,,dairy_protein,
58030,drinkable,35.2,D,60,4,1.5,41.0,,dairy_protein,
6664655,drinkable,55.7,C,87.2,4,1.6,30.0,,dairy_protein,
7290019635567,drinkable,57.8,C,94.8,3,3.0,80.0,,dairy_protein,
7290020711007,drinkable,68.3,B,94.8,3,3.5,53.0,,dairy_protein,
7290020711090,drinkable,69.0,B,94.8,3,3.5,55.0,,dairy_protein,
7290102031276,drinkable,49.5,D,87.2,4,1.5,30.0,,dairy_protein,
7290102393299,drinkable,77.2,B,,2,3.8,50.0,,dairy_protein,
7290105364678,drinkable,61.3,C,94.8,3,1.2,56.0,,dairy_protein,
7290105965738,drinkable,60.0,C,94.8,3,1.5,26.0,,dairy_protein,
7290107937542,drinkable,61.4,C,94.8,3,1.2,56.0,,dairy_protein,
7290107938396,drinkable,57.7,C,94.8,3,1.5,30.0,,dairy_protein,
7290110325114,drinkable,57.0,C,60,4,0.5,55.0,,dairy_protein,
7290110325121,drinkable,52.0,C,60,4,0.5,53.0,,dairy_protein,
7290110552244,drinkable,63.0,C,68.0,4,1.0,78.0,,dairy_protein,
7290110573737,drinkable,65.4,B,68.0,4,1.0,74.0,,dairy_protein,
7290115676051,drinkable,60.9,C,87.2,4,1.4,77.0,,dairy_protein,
7290116932774,drinkable,56.0,C,60,4,,52.0,,dairy_protein,
7290116934228,drinkable,56.0,C,60,4,0.5,60.0,,dairy_protein,
7290119380923,drinkable,55.7,C,87.2,4,1.6,30.0,,dairy_protein,
